/*
SQLyog Ultimate v11.11 (64 bit)
MySQL - 5.5.5-10.4.17-MariaDB : Database - db_postingan
*********************************************************************
*/

/*!40101 SET NAMES utf8 */;

/*!40101 SET SQL_MODE=''*/;

/*!40014 SET @OLD_UNIQUE_CHECKS=@@UNIQUE_CHECKS, UNIQUE_CHECKS=0 */;
/*!40014 SET @OLD_FOREIGN_KEY_CHECKS=@@FOREIGN_KEY_CHECKS, FOREIGN_KEY_CHECKS=0 */;
/*!40101 SET @OLD_SQL_MODE=@@SQL_MODE, SQL_MODE='NO_AUTO_VALUE_ON_ZERO' */;
/*!40111 SET @OLD_SQL_NOTES=@@SQL_NOTES, SQL_NOTES=0 */;
CREATE DATABASE /*!32312 IF NOT EXISTS*/`db_postingan` /*!40100 DEFAULT CHARACTER SET utf8mb4 */;

USE `db_postingan`;

/*Table structure for table `tbl_jawaban` */

DROP TABLE IF EXISTS `tbl_jawaban`;

CREATE TABLE `tbl_jawaban` (
  `id_jawaban` int(11) NOT NULL AUTO_INCREMENT,
  `id_peserta` int(11) DEFAULT NULL,
  `id_soal` int(11) DEFAULT NULL,
  `jawaban` text DEFAULT NULL,
  `status_jawaban` int(11) DEFAULT NULL,
  `created_at` timestamp NOT NULL DEFAULT current_timestamp() ON UPDATE current_timestamp(),
  `updated_at` timestamp NOT NULL DEFAULT '0000-00-00 00:00:00',
  `id_skor` int(11) DEFAULT NULL,
  PRIMARY KEY (`id_jawaban`)
) ENGINE=InnoDB AUTO_INCREMENT=195 DEFAULT CHARSET=utf8mb4;

/*Data for the table `tbl_jawaban` */

insert  into `tbl_jawaban`(`id_jawaban`,`id_peserta`,`id_soal`,`jawaban`,`status_jawaban`,`created_at`,`updated_at`,`id_skor`) values (114,2,335,'menteri dalam negeri',0,'2021-06-29 07:42:13','2021-06-29 07:42:13',9),(115,2,336,'bupati',1,'2021-06-29 07:42:27','2021-06-29 07:42:27',9),(116,2,337,'Camat, Kapolsek, dan Danramil',1,'2021-06-29 07:42:51','2021-06-29 07:42:51',9),(117,2,338,'Polsek',0,'2021-06-29 07:42:58','2021-06-29 07:42:58',9),(118,2,339,'camat',0,'2021-06-29 07:43:10','2021-06-29 07:43:10',9),(119,2,340,'Kepolisian daerah',0,'2021-06-29 07:43:23','2021-06-29 07:43:23',9),(120,2,341,'Koramil',1,'2021-06-29 07:43:29','2021-06-29 07:43:29',9),(121,2,342,'sekda',1,'2021-06-29 07:43:40','2021-06-29 07:43:40',9),(122,2,343,'wakil kepala daerah',1,'2021-06-29 07:43:53','2021-06-29 07:43:53',9),(123,2,344,'koramil',0,'2021-06-29 07:44:04','2021-06-29 07:44:04',9),(124,2,144,'teratur',1,'2021-06-29 09:04:47','2021-06-29 09:04:47',10),(125,2,145,'maafkan',1,'2021-06-29 09:04:52','2021-06-29 09:04:52',10),(126,2,146,'nyaman',1,'2021-06-29 09:04:57','2021-06-29 09:04:57',10),(127,2,147,'patuhi',1,'2021-06-29 09:05:06','2021-06-29 09:05:06',10),(128,2,148,'bermanfaat',1,'2021-06-29 09:05:11','2021-06-29 09:05:11',10),(129,2,149,'rebutan makanan',1,'2021-06-29 09:05:16','2021-06-29 09:05:16',10),(130,2,150,'dirapikan',1,'2021-06-29 09:05:21','2021-06-29 09:05:21',10),(131,2,151,'berdoa',1,'2021-06-29 09:05:26','2021-06-29 09:05:26',10),(132,2,152,'terlambat',1,'2021-06-29 09:05:36','2021-06-29 09:05:36',10),(133,2,329,'5 tahun',0,'2021-06-29 09:08:21','2021-06-29 09:08:21',10),(134,2,27,'selamat siang',1,'2021-06-29 09:08:57','2021-06-29 09:08:57',11),(135,2,28,'telinga',1,'2021-06-29 09:09:02','2021-06-29 09:09:02',11),(136,2,29,'kaki',1,'2021-06-29 09:09:05','2021-06-29 09:09:05',11),(137,2,30,'menyedihkan',1,'2021-06-29 09:09:11','2021-06-29 09:09:11',11),(138,2,31,'menyenangkan',1,'2021-06-29 09:09:16','2021-06-29 09:09:16',11),(139,2,32,'tersenyum',1,'2021-06-29 09:09:21','2021-06-29 09:09:21',11),(140,2,33,'bahagia',1,'2021-06-29 09:09:27','2021-06-29 09:09:27',11),(141,2,34,'menyenangkan',1,'2021-06-29 09:09:34','2021-06-29 09:09:34',11),(142,2,35,'nafkah',1,'2021-06-29 09:09:37','2021-06-29 09:09:37',11),(143,2,36,'hadiah',1,'2021-06-29 09:09:43','2021-06-29 09:09:43',11),(144,2,632,'Gagasan pokok dan gagasan penjelas',1,'2021-06-29 09:16:08','2021-06-29 09:16:08',15),(145,2,633,'rambut',1,'2021-06-29 09:16:14','2021-06-29 09:16:14',15),(146,2,634,'sisik',1,'2021-06-29 09:16:20','2021-06-29 09:16:20',15),(147,2,635,'siklus hidup',1,'2021-06-29 09:16:34','2021-06-29 09:16:34',15),(148,2,636,'metamorfosis sempurna',1,'2021-06-29 09:16:46','2021-06-29 09:16:46',15),(149,2,637,'metamorfosis tidak sempurna',0,'2021-06-29 09:16:50','2021-06-29 09:16:50',15),(150,2,638,'197',0,'2021-06-29 09:17:03','2021-06-29 09:17:03',15),(151,2,639,'Apa itu kembang biak?',0,'2021-06-29 09:17:06','2021-06-29 09:17:06',15),(152,2,640,'rangka',1,'2021-06-29 09:17:14','2021-06-29 09:17:14',15),(153,2,641,'vitamin D',1,'2021-06-29 09:17:18','2021-06-29 09:17:18',15),(154,2,573,'3',0,'2021-06-29 09:27:40','2021-06-29 09:27:40',19),(155,2,574,'memahami informasi dalam teks dengan menggunakan unsur adik simba',0,'2021-06-29 09:27:42','2021-06-29 09:27:42',19),(156,2,575,'paru paru',0,'2021-06-29 09:27:44','2021-06-29 09:27:44',19),(157,2,576,'Menyampaikan manfaat dari melakukan pengamatan',0,'2021-06-29 09:27:45','2021-06-29 09:27:45',19),(158,2,577,'membaca teks laporan hasil pengamatan',1,'2021-06-29 09:27:47','2021-06-29 09:27:47',19),(159,2,578,'getaran atau guncangan yang tejadi di bumi',0,'2021-06-29 09:27:48','2021-06-29 09:27:48',19),(160,2,579,'berisi pendapat',0,'2021-06-29 09:27:50','2021-06-29 09:27:50',19),(161,2,580,'hydra',0,'2021-06-29 09:27:52','2021-06-29 09:27:52',19),(162,2,581,'tajam, runcing, dan melengkung',0,'2021-06-29 09:27:53','2021-06-29 09:27:53',19),(163,2,582,'mengalami mimpi basah',1,'2021-06-29 09:27:56','2021-06-29 09:27:56',19),(164,2,86,'tenangkan',1,'2021-06-29 09:36:46','2021-06-29 09:36:46',20),(165,2,87,'yang lebih tua',0,'2021-06-29 09:36:53','2021-06-29 09:36:53',20),(166,2,88,'pandai',1,'2021-06-29 09:36:56','2021-06-29 09:36:56',20),(167,2,89,'makan',0,'2021-06-29 09:37:00','2021-06-29 09:37:00',20),(168,2,90,'hari nya',1,'2021-06-29 09:37:08','2021-06-29 09:37:08',20),(169,2,91,'tempat nya',1,'2021-06-29 09:37:11','2021-06-29 09:37:11',20),(170,2,92,'bangga',1,'2021-06-29 09:37:15','2021-06-29 09:37:15',20),(171,2,93,'kiri',1,'2021-06-29 09:37:22','2021-06-29 09:37:22',20),(172,2,94,'berhenti',1,'2021-06-29 09:37:28','2021-06-29 09:37:28',20),(173,2,95,'mencium',1,'2021-06-29 09:37:36','2021-06-29 09:37:36',20),(174,4,409,'Dining room',0,'2021-06-29 09:44:45','2021-06-29 09:44:45',23),(175,5,677,'Rp. 50.000,00',0,'2021-07-01 03:36:38','2021-07-01 03:36:38',24),(176,5,678,'dilligent',0,'2021-07-01 03:36:40','2021-07-01 03:36:40',24),(177,5,679,'writing',0,'2021-07-01 03:36:42','2021-07-01 03:36:42',24),(178,5,680,'railway station',0,'2021-07-01 03:36:44','2021-07-01 03:36:44',24),(179,5,681,'as fat as',1,'2021-07-01 03:36:45','2021-07-01 03:36:45',24),(180,5,682,'small',0,'2021-07-01 03:36:47','2021-07-01 03:36:47',24),(181,5,683,'Australia',0,'2021-07-01 03:36:49','2021-07-01 03:36:49',24),(182,5,684,'friied rice',0,'2021-07-01 03:36:51','2021-07-01 03:36:51',24),(183,5,685,'eat',0,'2021-07-01 03:36:53','2021-07-01 03:36:53',24),(184,5,686,'dinner',0,'2021-07-01 03:36:55','2021-07-01 03:36:55',24),(185,5,14,'sehat dan kuat',1,'2021-07-01 04:09:00','2021-07-01 04:09:00',25),(186,5,15,'panggilan',1,'2021-07-01 04:09:07','2021-07-01 04:09:07',25),(187,5,16,'istri',1,'2021-07-01 04:09:10','2021-07-01 04:09:10',25),(188,5,17,'keluarga',1,'2021-07-01 04:09:14','2021-07-01 04:09:14',25),(189,5,18,'sayangi',1,'2021-07-01 04:09:19','2021-07-01 04:09:19',25),(190,5,19,'nenek',1,'2021-07-01 04:09:22','2021-07-01 04:09:22',25),(191,5,20,'laki-laki',1,'2021-07-01 04:09:26','2021-07-01 04:09:26',25),(192,5,21,'senang',1,'2021-07-01 04:09:30','2021-07-01 04:09:30',25),(193,5,22,'musuhi',1,'2021-07-01 04:09:35','2021-07-01 04:09:35',25),(194,5,23,'rukun',1,'2021-07-01 04:09:48','2021-07-01 04:09:48',25);

/*Table structure for table `tbl_konten` */

DROP TABLE IF EXISTS `tbl_konten`;

CREATE TABLE `tbl_konten` (
  `id_konten` int(11) NOT NULL AUTO_INCREMENT,
  `judul` varchar(100) DEFAULT '-',
  `keterangan` text DEFAULT '-',
  `link_thumbnail` text DEFAULT '-',
  `link_video` text DEFAULT '-',
  `status` int(11) DEFAULT 1,
  `view` int(11) DEFAULT 0,
  `created_at` timestamp NOT NULL DEFAULT current_timestamp() ON UPDATE current_timestamp(),
  `updated_at` timestamp NOT NULL DEFAULT '0000-00-00 00:00:00',
  PRIMARY KEY (`id_konten`)
) ENGINE=InnoDB AUTO_INCREMENT=23 DEFAULT CHARSET=utf8mb4;

/*Data for the table `tbl_konten` */

insert  into `tbl_konten`(`id_konten`,`judul`,`keterangan`,`link_thumbnail`,`link_video`,`status`,`view`,`created_at`,`updated_at`) values (5,'Video 2','Video ini berisi cerita mas yudi ubahan','https://d1csarkz8obe9u.cloudfront.net/posterpreviews/youtube-thumbnail-template-design-25fda0323aec0d100bf81e139a1b8c5b_screen.jpg?ts=1597305166','https://www.youtube.com/watch?v=Qt3oQSSZv-o',1,0,'2021-06-25 03:49:59','2021-06-25 03:49:59'),(10,'video 1','keterangan update','https://1.bp.blogspot.com/-8qRVV6Ixj3k/Wz8JiA_N0oI/AAAAAAAAAYQ/tyTOE6-syWYfEOAyf0IKh83kCsX-1oDNgCLcBGAs/w1200-h630-p-k-no-nu/Screenshot_2018-07-06-11-14-56-picsay.jpg','https://www.youtube.com/embed/k7ha7t7RRDc',1,0,'2021-07-05 16:28:04','2021-07-05 09:28:04'),(15,'judul update','keterangan','https://i.pinimg.com/originals/be/b8/5d/beb85da5406bbd3fb982a8d78d923dc7.jpg','https://www.youtube.com/watch?v=k7WdH84mMzw&t=54s',1,0,'2021-07-05 16:26:00','2021-07-05 09:26:00');

/*Table structure for table `tbl_peserta` */

DROP TABLE IF EXISTS `tbl_peserta`;

CREATE TABLE `tbl_peserta` (
  `id_peserta` int(11) NOT NULL AUTO_INCREMENT,
  `nama` varchar(100) DEFAULT NULL,
  `email` varchar(100) DEFAULT NULL,
  `password` varchar(255) DEFAULT NULL,
  `token` text DEFAULT NULL,
  `created_at` timestamp NOT NULL DEFAULT current_timestamp() ON UPDATE current_timestamp(),
  `updated_at` timestamp NOT NULL DEFAULT '0000-00-00 00:00:00',
  `status` int(11) DEFAULT 1,
  PRIMARY KEY (`id_peserta`)
) ENGINE=InnoDB AUTO_INCREMENT=7 DEFAULT CHARSET=utf8mb4;

/*Data for the table `tbl_peserta` */

insert  into `tbl_peserta`(`id_peserta`,`nama`,`email`,`password`,`token`,`created_at`,`updated_at`,`status`) values (1,'yudi','yudi4@mail.com','eyJpdiI6ImhibytvTlRcL2dMQUtxRTN3NFJFN2N3PT0iLCJ2YWx1ZSI6Ik10cGJOcVwvaXZvMWdBdnlOaEdyME93PT0iLCJtYWMiOiIzN2RlNGQ3YmQ1YzAyNjYyYjc5NTNjY2M4ZTk2NDMzYTliYjI3MzFkMDE0MzYzYjk2ZTQ4ODdmMjM1OWNlMWY1In0=','eyJ0eXAiOiJKV1QiLCJhbGciOiJIUzI1NiJ9.eyJpZF9wZXNlcnRhIjoxLCJleHRpbWUiOjE2MjUzMDYwMzJ9.Tt1z9LdjY2rZSLs7_JwlqZevKSJwCbv8q8YlpobHatw','2021-06-28 16:53:52','2021-06-28 09:53:52',1),(2,'yudi','yudi@yudi.com','eyJpdiI6IkVlRTQwWDhabkFDbjVUbDNjblkyUXc9PSIsInZhbHVlIjoiblljM0RpTlg3b2lHZlZYRmRDWWpSQT09IiwibWFjIjoiOGE3ZGY2ZTJmNTRkN2Q1ZWU2YTc0NGRiNWZiZDkxNjE0ZDVlMDZhMzZhODA2OTA1MDhjYjRkOTQ5NDhmMmM2OSJ9','eyJ0eXAiOiJKV1QiLCJhbGciOiJIUzI1NiJ9.eyJpZF9wZXNlcnRhIjoyLCJleHRpbWUiOjE2MjU1MzU5MTh9.pXvNjjcw8t-aP6XCxJ8djAke42fWyLWqfSZ_lUIyoa4','2021-07-01 08:45:18','2021-07-01 01:45:18',1),(3,'gunawan','email@gmail.com','eyJpdiI6IlpSeFdNQm14VFExbEtOSEc5OEwycGc9PSIsInZhbHVlIjoicVQ0T2JOa0xDUVVZNWI3WCtxTWZwUT09IiwibWFjIjoiMTBjZWZlYzhiYTc1MmI0NzdjYTUzZDM4MmEyZDgxMTMyNjQ1NmU0Mjk3OGNkZjBiNDUzMzNiNThlOWU4ZWZiMiJ9',NULL,'2021-06-28 07:34:41','2021-06-28 07:34:41',1),(4,'yudi gunawan','gunawan@gunawan.com','eyJpdiI6IlVNOHhIN1FKMW5SQ3c1ZUt2TFdWZEE9PSIsInZhbHVlIjoiZ04xd1NzZjl0TktSOElENSt2dVRMZz09IiwibWFjIjoiYzNjNjYwOWMwYTczOGZjODljZTQ0MGE5MTRjMjBjMGZhY2NmYWUzYmQzZDc5YWRmNTZiM2MwN2UyMDc2ODRhMiJ9','eyJ0eXAiOiJKV1QiLCJhbGciOiJIUzI1NiJ9.eyJpZF9wZXNlcnRhIjo0LCJleHRpbWUiOjE2MjUzOTE3Mzl9.42NZ5iVStEnzRxMDPlxn1YusXIxBoXfMG8tGOWyMWlg','2021-06-29 16:42:19','2021-06-29 09:42:19',1),(5,'user','user@user.com','eyJpdiI6IkxIbFJxa3Fvc1dTTXc3TUlpUDI1MHc9PSIsInZhbHVlIjoiYnhBUEI5dHhGQXp2WGMrbXJVNitZdz09IiwibWFjIjoiNGM3MjEyNmFhZjU5OTVhYTg3NmExOTM0NjNhYmFhYTEzOTYxNjNlMThmMTc2N2FmZDM1ZGQ5MzgyOTU0ZjExNSJ9','eyJ0eXAiOiJKV1QiLCJhbGciOiJIUzI1NiJ9.eyJpZF9wZXNlcnRhIjo1LCJleHRpbWUiOjE2MjU1NDQxOTR9.s9hQTFppEHQJKSl-5EfNxg_K4k7Qs7uQ5CFVyKtrisc','2021-07-01 11:03:14','2021-07-01 04:03:14',1),(6,'test','test@gmail.com','eyJpdiI6Ik5mTENtZlBhUTJheDdQTnZ0RmRWR3c9PSIsInZhbHVlIjoiRzFHcDFMMHkyUDR2XC9cLzROS0NnRFpRPT0iLCJtYWMiOiI3ZTM2OGY5MWYwNGViZTE1Mzk2NjQwZTU4MGY5YTdkYzlkZWNlOTllYjc2NDdiY2E2MWM2YWNiYmE2YjhjNDkxIn0=',NULL,'2021-07-01 02:00:10','2021-07-01 02:00:10',1);

/*Table structure for table `tbl_skor` */

DROP TABLE IF EXISTS `tbl_skor`;

CREATE TABLE `tbl_skor` (
  `id_skor` int(11) NOT NULL AUTO_INCREMENT,
  `id_peserta` int(11) DEFAULT NULL,
  `skor` int(11) DEFAULT 0,
  `created_at` timestamp NOT NULL DEFAULT current_timestamp() ON UPDATE current_timestamp(),
  `updated_at` timestamp NOT NULL DEFAULT '0000-00-00 00:00:00',
  `status` int(11) DEFAULT 1,
  PRIMARY KEY (`id_skor`)
) ENGINE=InnoDB AUTO_INCREMENT=27 DEFAULT CHARSET=utf8mb4;

/*Data for the table `tbl_skor` */

insert  into `tbl_skor`(`id_skor`,`id_peserta`,`skor`,`created_at`,`updated_at`,`status`) values (9,2,0,'2021-06-29 16:02:56','2021-06-29 09:02:56',0),(10,2,0,'2021-06-29 16:08:31','2021-06-29 09:08:31',0),(11,2,0,'2021-06-29 16:10:08','2021-06-29 09:10:08',0),(12,2,0,'2021-06-29 16:11:38','2021-06-29 09:11:38',0),(13,2,0,'2021-06-29 16:12:05','2021-06-29 09:12:05',0),(14,2,0,'2021-06-29 16:14:46','2021-06-29 09:14:46',0),(15,2,0,'2021-06-29 16:17:25','2021-06-29 09:17:25',0),(16,2,0,'2021-06-29 16:22:49','2021-06-29 09:22:49',0),(17,2,0,'2021-06-29 16:24:45','2021-06-29 09:24:45',0),(18,2,0,'2021-06-29 16:25:40','2021-06-29 09:25:40',0),(19,2,0,'2021-06-29 16:36:11','2021-06-29 09:36:11',0),(20,2,0,'2021-06-29 16:38:00','2021-06-29 09:38:00',0),(21,2,0,'2021-06-29 16:41:34','2021-06-29 09:41:34',0),(22,2,0,'2021-06-29 09:41:34','2021-06-29 09:41:34',1),(23,4,0,'2021-06-29 09:44:28','2021-06-29 09:44:28',1),(24,5,0,'2021-07-01 10:36:59','2021-07-01 03:36:59',0),(25,5,0,'2021-07-01 11:09:59','2021-07-01 04:09:59',0),(26,5,0,'2021-07-01 04:10:00','2021-07-01 04:10:00',1);

/*Table structure for table `tbl_soal` */

DROP TABLE IF EXISTS `tbl_soal`;

CREATE TABLE `tbl_soal` (
  `id_soal` int(11) NOT NULL AUTO_INCREMENT,
  `pertanyaan` text DEFAULT NULL,
  `opsi1` text DEFAULT NULL,
  `opsi2` text DEFAULT NULL,
  `opsi3` text DEFAULT NULL,
  `opsi4` text DEFAULT NULL,
  `jawaban` text DEFAULT NULL,
  `created_at` timestamp NOT NULL DEFAULT current_timestamp() ON UPDATE current_timestamp(),
  `updated_at` timestamp NOT NULL DEFAULT '0000-00-00 00:00:00',
  PRIMARY KEY (`id_soal`)
) ENGINE=InnoDB AUTO_INCREMENT=711 DEFAULT CHARSET=utf8mb4;

/*Data for the table `tbl_soal` */

insert  into `tbl_soal`(`id_soal`,`pertanyaan`,`opsi1`,`opsi2`,`opsi3`,`opsi4`,`jawaban`,`created_at`,`updated_at`) values (1,' Urutan huruf abjad f a b e c d g yang benar adalah…','a b c d e f g','a b d c e fg','a b c d f e g','a b c e d f g','a b c e d f g','2021-06-28 17:06:29','0000-00-00 00:00:00'),(2,'Agar gigi tidak sakit, sebelum tidur kita harus…','kumur- kumur.','Gosok gigi','Cuci tangan','Cuci muka','Gosok gigi','2021-06-28 17:06:29','0000-00-00 00:00:00'),(3,'Urutan 5 huruf abjad pertama adalah…','A b c e d','A b d e c','A b c d e','A b e c d','A b c d e','2021-06-28 17:06:29','0000-00-00 00:00:00'),(4,'Urutan bilangan dari urutan terkecil ke yang ter besar dari 1 5 2 4 3 .','1 2 4 3 5','1 2 3 4 5','1 2 5 4 3','1 2 3 5 4','1 2 3 4 5','2021-06-28 17:06:29','0000-00-00 00:00:00'),(5,'Urutan 5 angka yang dimulai dari angka 9 ke angka 15yang benar adalah..','9 10 11 12 13 14 15','9 10 12 11 13 14 15','9 10 11 12 14 13 15','9 10 11 13 12 14 15','9 10 11 12 13 14 15','2021-06-28 17:06:29','0000-00-00 00:00:00'),(6,'Di pohon pertama tumbuh 6 Di pohon yang kedua tumbuh 2 pepayBanyak pepaya seluruhnya ada ____ buah.','10','8','9','12','10','2021-06-28 17:06:29','0000-00-00 00:00:00'),(7,'Setiap orang mempunyai kelebihan dan kekurangan masing-masing. Walaupun berbeda namun kita harus saling ..','Menyaingi','Menyayangi','Menyantuni','Menyinnggung','Menyayangi','2021-06-28 17:06:29','0000-00-00 00:00:00'),(8,'Perbedaan membuat kita saling …','Menghargai','menyantuni','menyaingi','menyanggupi','Menghargai','2021-06-28 17:06:29','0000-00-00 00:00:00'),(9,'sembilan belas jika ditulis angka yaitu','18','29','19','39','19','2021-06-28 17:06:29','0000-00-00 00:00:00'),(10,'kita dapat melihat benda di sekitar kita menggunakan …','telinga','hidung    ','mata ','mulut','mata ','2021-06-28 17:06:29','0000-00-00 00:00:00'),(11,'untuk mencegah sakit gigi maka kita harus rajin','sikat gigi','mencuci tangan','membasuh muka','mencuci kaki','sikat gigi','2021-06-28 17:06:29','0000-00-00 00:00:00'),(12,'jika jajan sembarangan maka kita bisa sakit …','mata','perut','kepala','tenggorokan','perut','2021-06-28 17:06:29','0000-00-00 00:00:00'),(13,'kita dapat mencium bau wangi menggunakan …','leher','hidung','kepala','paru paru','hidung','2021-06-28 17:06:29','0000-00-00 00:00:00'),(14,'tubuh manusia butuh makanan dan minuman agar tetap …','sehat dan kuat','lelah','bisa tidur','letih','sehat dan kuat','2021-06-28 17:06:29','0000-00-00 00:00:00'),(15,'setiap orang punya nama lengkap dan nama …','palsu','lucu','panggilan','bagus','panggilan','2021-06-28 17:06:29','0000-00-00 00:00:00'),(16,'ibu adalah …. dari ayah','istri','anak','ibu','nenek','istri','2021-06-28 17:06:29','0000-00-00 00:00:00'),(17,'ayah, ibu, adik dan kakak adalah bagian dari …','teman','keluarga','kerabat','sahabat','keluarga','2021-06-28 17:06:29','0000-00-00 00:00:00'),(18,'adik dan kakak harus selalu kita …','sayangi','benci','lupakan','tidak pedulikan','sayangi','2021-06-28 17:06:29','0000-00-00 00:00:00'),(19,'ibu dari ayah adalah …','nenek','kakak','kakek','adik','nenek','2021-06-28 17:06:29','0000-00-00 00:00:00'),(20,'ayah adalah seorang ….','laki-laki','anak-anak','perempuan','kake-kake','laki-laki','2021-06-28 17:06:29','0000-00-00 00:00:00'),(21,'punya banyak teman itu membuat kita ….','sakit','senang','sedih','kesal','senang','2021-06-28 17:06:29','0000-00-00 00:00:00'),(22,'teman yang agamanya beda tidak boleh kita ….','sayangi','tolong','musuhi','bantu','musuhi','2021-06-28 17:06:29','0000-00-00 00:00:00'),(23,'sesama teman kita harus hidup dengan …','nakal','rukun','jahat','saling benci','rukun','2021-06-28 17:06:29','0000-00-00 00:00:00'),(24,'dengan semua teman kita tidak boleh ….','bermaian','bersama','berkelahi','rukun','berkelahi','2021-06-28 17:06:29','0000-00-00 00:00:00'),(25,'mata digunakan untuk …','melihat','mencium','merasakan','berjalan','melihat','2021-06-28 17:06:29','0000-00-00 00:00:00'),(26,'saat berjumpa teman pada sore hari maka kita mengucapkan ….','selamat pagi','selamat malam','selamat sore','selamat siang','selamat sore','2021-06-28 17:06:29','0000-00-00 00:00:00'),(27,'rani bertemu bu guru siang hari rani mengucapkan ….','selamat pagi','selamat malam','selamat sore','selamat siang','selamat siang','2021-06-28 17:06:29','0000-00-00 00:00:00'),(28,'ayah mendengarkan radio menggunakan ….','perut','tangan','kaki','telinga','telinga','2021-06-28 17:06:29','0000-00-00 00:00:00'),(29,'kita berjalan menggunakan ….','kaki','tangan','hidung','mata','kaki','2021-06-28 17:06:29','0000-00-00 00:00:00'),(30,'jatuh dari sepeda adalah pengalaman yang …','menyedihkan','bahagia','membuat marah','melegakan','menyedihkan','2021-06-28 17:06:29','0000-00-00 00:00:00'),(31,'merayakan ulang tahun adalah pengalaman yang …','menyedihkan','mengesalkan','menyenangkan','melegakan','menyenangkan','2021-06-28 17:06:29','0000-00-00 00:00:00'),(32,'andi merasa senang maka ia pun …','menangis','teriak','berlari','tersenyum','tersenyum','2021-06-28 17:06:29','0000-00-00 00:00:00'),(33,'rani pergi berlibur ke pantai, rani sangat suka pantai, rani merasa …','menyedihkan','bahagia','menyenangkan','melegakan','bahagia','2021-06-28 17:06:29','0000-00-00 00:00:00'),(34,'jika kita menjadi juara kelas maka kita bisa … guru','menyedihkan','membuat barah','menyenangkan','gelisah','menyenangkan','2021-06-28 17:06:29','0000-00-00 00:00:00'),(35,'ayah adalah orang yang mencari …. untuk keluarga.','nafkah','anak','nasi','lauk','nafkah','2021-06-28 17:06:29','0000-00-00 00:00:00'),(36,'adik akan ulang tahun, ibu memberikan adik …','hadiah','hukuman','teguran','nasihat','hadiah','2021-06-28 17:06:29','0000-00-00 00:00:00'),(37,'rani belum bisa membaca, kakak rani lalu …','memarahi','menghukum','menegur','mengajari','mengajari','2021-06-28 17:06:29','0000-00-00 00:00:00'),(38,'ibu selalu menyayangi kita sejak …','usia 5 tahun','usia 2 tahun','kita lahir','tidak pernah','kita lahir','2021-06-28 17:06:29','0000-00-00 00:00:00'),(39,'saat akan berangkat sekolah kita harus …','meminta uang','menangis dulu','langsung lari saja','berpamitan','berpamitan','2021-06-28 17:06:29','0000-00-00 00:00:00'),(40,'jika kakak sedang belajar sebaiknya kita …','menggangu nya','mengajak main dia','berteriak teriak','tidak menggangunya','tidak menggangunya','2021-06-28 17:06:29','0000-00-00 00:00:00'),(41,'kasih sayang orang tua kepada anaknya …','tidak ada batas','tidak ada','sedikit','biasa aja','tidak ada batas','2021-06-28 17:06:29','0000-00-00 00:00:00'),(42,'Di dalam keluarga kita harus menjaga …','kerukunan','keyakinan','kemauan','keraguan','kerukunan','2021-06-28 17:06:29','0000-00-00 00:00:00'),(43,'kita tidak boleh … dengan teman.','bertengkar','bersahabat','berbahagia','menyayangi','bertengkar','2021-06-28 17:06:29','0000-00-00 00:00:00'),(44,'rudi suka main bola dan dani suka berenenang,mereka punya hobi yang …','sama','menyenangkan','berbeda','menyusahkan','berbeda','2021-06-28 17:06:29','0000-00-00 00:00:00'),(45,'saat bermain bola dengan teman kita tidak boleh …','berlari','menang','curang','kalah','curang','2021-06-28 17:06:29','0000-00-00 00:00:00'),(46,'teman yang bertengkar harus …','ikut bertengkar','membantu','menyemangati','melerai','melerai','2021-06-28 17:06:29','0000-00-00 00:00:00'),(47,'aldo umurnya 10 tahun dan bagas umurnya 12 tahun mereka berbeda …','usia ','rumah','kota','orang tua','usia ','2021-06-28 17:06:29','0000-00-00 00:00:00'),(48,'manfaat rukun adalah bisa hidup dengan …','gelisah','susah','damai','kesal','damai','2021-06-28 17:06:29','0000-00-00 00:00:00'),(49,'contoh hidup rukun adalah … dengan teman.','baik','kesal','bertengkar','bermusuhan','baik','2021-06-28 17:06:29','0000-00-00 00:00:00'),(50,'kita memanggil ayah dari Ibu kita dengan panggilan ….','orang tua','nenek','kakek','ayah','kakek','2021-06-28 17:06:29','0000-00-00 00:00:00'),(51,'ayah adalah suami dari ….','ibu','nenek','bibi','tante','ibu','2021-06-28 17:06:29','0000-00-00 00:00:00'),(52,'saudara yang dilahirkan oleh ibu kita dinamakan saudara ….','kandung','tiri','sepupu','tidak sedarah','kandung','2021-06-28 17:06:29','0000-00-00 00:00:00'),(53,'saat ulang tahun biasanya kita mendapatkan …','hadiah','hukuman','teguran','nasihat','hadiah','2021-06-28 17:06:29','0000-00-00 00:00:00'),(54,'jika kita menjadi juara kelas maka orang tua kita akan merasa …','kesal','sedih','senang','jengkel','senang','2021-06-28 17:06:29','0000-00-00 00:00:00'),(55,'mendapat hadiah dari guru adalah pengalaman yang …','senang','sedih','kesal','jengkel','senang','2021-06-28 17:06:29','0000-00-00 00:00:00'),(56,'tina kehilangan uangnya maka tina pun merasa Kecuali ….','kesal','jengkel','senang','sedih','senang','2021-06-28 17:06:29','0000-00-00 00:00:00'),(57,'orang yang melahirkan dan merawat kita adalah …','ibu','nenek','saudara','tante','ibu','2021-06-28 17:06:29','0000-00-00 00:00:00'),(58,'berbicara kepada ayah dan ibu harus …  ','sopan','kasar','jengkel','teriak teriak','sopan','2021-06-28 17:06:29','0000-00-00 00:00:00'),(59,'kepada seluruh saudara kita harus saling kecuali','menyayangi','sopan','melawan','baik','melawan','2021-06-28 17:06:29','0000-00-00 00:00:00'),(60,'seorang anak harus selalu …. nasihat orang tua.','mendengarkan','tidak memperdulikan','menjawab','meneriaki','mendengarkan','2021-06-28 17:06:29','0000-00-00 00:00:00'),(61,'jika teman minta maaf maka harus kita …','tidak maafkan','memarahinya','tidak perduli','memaafkan nya','memaafkan nya','2021-06-28 17:06:29','0000-00-00 00:00:00'),(62,'jika kita bertengkar maka tubuh kita bisa …','sehat  ','segar','pulih','terluka','terluka','2021-06-28 17:06:29','0000-00-00 00:00:00'),(63,'rani dan sinta bertengkar maka kita harus …','membiarkan','menyemangati','ikut bertengkar','melerai nya','melerai nya','2021-06-28 17:06:29','0000-00-00 00:00:00'),(64,'saat adik bersedih sebaiknya kita berusaha …','melerai nya','membiarkan','ikut menangis','menenangkan nya','menenangkan nya','2021-06-28 17:06:29','0000-00-00 00:00:00'),(65,'mata digunakan untuk ….','mendengarkan','mencium','merasakan','melihat','melihat','2021-06-28 17:06:29','0000-00-00 00:00:00'),(66,'Jika kita makan makanan yang kotor bisa menyebabkan sakit …','tangan','perut','telinga','mata','perut','2021-06-28 17:06:29','0000-00-00 00:00:00'),(67,'kita mendengar menggunakan ….','tangan','mulut','telinga','mata','telinga','2021-06-28 17:06:29','0000-00-00 00:00:00'),(68,'sebelum makan harus mencuci …','tangan','mulut','telinga','mata','tangan','2021-06-28 17:06:29','0000-00-00 00:00:00'),(69,'orang yang tidak menjaga kesehatan bisa ….','sehat','sakit','tidak terjadi apa apa','baik','sakit','2021-06-28 17:06:29','0000-00-00 00:00:00'),(70,'jika kita tidak makan maka perut akan terasa ….','baik','kenyang','lapar','haus','lapar','2021-06-28 17:06:29','0000-00-00 00:00:00'),(71,'Kita harus makan makanan yang ….','sehat','kotor','bekas','sisa','sehat','2021-06-28 17:06:29','0000-00-00 00:00:00'),(72,'Jendela adalah tempat keluar masuk Kecuali…','hewan','udara','debu','orang ','orang ','2021-06-28 17:06:29','0000-00-00 00:00:00'),(73,'di halaman rumah akan terasa sejuk jika ada banyak ….','hewan','pohon','tanah','debu','pohon','2021-06-28 17:06:29','0000-00-00 00:00:00'),(74,'membuang sampah harus di …','kotak sampah','jalan','selokan','sungai','kotak sampah','2021-06-28 17:06:29','0000-00-00 00:00:00'),(75,'roda sepeda berbentuk ….','bulat','kotak','segi tiga','datar','bulat','2021-06-28 17:06:29','0000-00-00 00:00:00'),(76,'permukaan kaca terasa …','lembut','rapuh','keras','dingin','keras','2021-06-28 17:06:29','0000-00-00 00:00:00'),(77,'gula dan madu mempunyai rasa yang …','asam','asin','pahit','manis','manis','2021-06-28 17:06:29','0000-00-00 00:00:00'),(78,'gunting dapat digunakan untuk …. kertas.','menghapus','membuat  ','memotong','menulis','memotong','2021-06-28 17:06:29','0000-00-00 00:00:00'),(79,'pensil adalah benda yang digunakan siswa untuk …','menulis','membaca','melihat','mengukur','menulis','2021-06-28 17:06:29','0000-00-00 00:00:00'),(80,'sebutkan Jenis kelamin manusia ','kaka','ayah','adik','laki laki','laki laki','2021-06-28 17:06:29','0000-00-00 00:00:00'),(81,'ayah dan kakek mempunyai jenis kelamin ….','perempuan','laki laki','semua salah','semua benar','laki laki','2021-06-28 17:06:29','0000-00-00 00:00:00'),(82,'rok adalah jenis baju yang dipakai oleh ….','perempuan','laki laki','semua salah','semua benar','perempuan','2021-06-28 17:06:29','0000-00-00 00:00:00'),(83,'anak yang suka berkelahi di sekolah maka akan diberi ….','hadiah','hukuman','selamat  ','makanan','hukuman','2021-06-28 17:06:29','0000-00-00 00:00:00'),(84,'nasihat dari orang tua harus di….','dengarkan','di langgar','di biarkan','di bantah','dengarkan','2021-06-28 17:06:29','0000-00-00 00:00:00'),(85,'hidup rukun adalah perbuatan yang ….','baik','buruk','jelek','kasar','baik','2021-06-28 17:06:29','0000-00-00 00:00:00'),(86,'jika ada teman yang bersedih maka harus kita ….','tertawakan','tenangkan','biarkan','abaikan','tenangkan','2021-06-28 17:06:29','0000-00-00 00:00:00'),(87,'Kita harus mau mengantri dengan ….','yang lebih muda','yang lebih tua','semua nya','tidak mau mengantri','semua nya','2021-06-28 17:06:29','0000-00-00 00:00:00'),(88,'rajin belajar membuat kita menjadi ….','pandai','malas','bodoh','kesal','pandai','2021-06-28 17:06:29','0000-00-00 00:00:00'),(89,'sebelum berangkat sekolah harus ….','makan','minta uang','langsung lari saja','berpamitan','berpamitan','2021-06-28 17:06:29','0000-00-00 00:00:00'),(90,'memakai seragam sekolah harus sesuai ….','hari nya','bulan nya','tanggal nya','tahun nya','hari nya','2021-06-28 17:06:29','0000-00-00 00:00:00'),(91,'membuang sampah harus pada ….','sawah','selokan','tempat nya','sungai','tempat nya','2021-06-28 17:06:29','0000-00-00 00:00:00'),(92,'siswa-siswa yang tertib dapat membuat guru menjadi ….','kesal','tidak peduli','iri','bangga','bangga','2021-06-28 17:06:29','0000-00-00 00:00:00'),(93,'jika berjalan di jalan maka kita harus berada di sebelah ….','kanan','kiri','tengah','depan','kiri','2021-06-28 17:06:29','0000-00-00 00:00:00'),(94,'lampu lintas berwarna merah maka kita harus ….','berjalan','berhati hati','berhenti','tambah kecepatan','berhenti','2021-06-28 17:06:29','0000-00-00 00:00:00'),(95,'Hidung digunakan untuk ….','mencium','meludah','memakan','mendengar','mencium','2021-06-28 17:06:29','0000-00-00 00:00:00'),(96,'sinta memegang buku menggunakan ….','kaki','mulut','tangan','telinga','tangan','2021-06-28 17:06:29','0000-00-00 00:00:00'),(97,'rina menyirami . . . . di kebun.','tanaman','hewan','serangga','kolam','tanaman','2021-06-28 17:06:29','0000-00-00 00:00:00'),(98,'ibu menyapu halaman menggunakan ….','sapu','kain','kain pel','kemonceng','sapu','2021-06-28 17:06:29','0000-00-00 00:00:00'),(99,'sebelum berangkat sekolah ani selalu . . . . pagi.','minta uang','makan','tidur','nonton tv','makan','2021-06-28 17:06:29','0000-00-00 00:00:00'),(100,'ketika kakak sakit ia berobat ke rumah ….','teman','tetangga','nenek','sakit','sakit','2021-06-28 17:06:29','0000-00-00 00:00:00'),(101,'saat berpisah dengan teman kita mengucapkan ….','sampai jumpa','selamat malam','terima kasih','selamat siang','sampai jumpa','2021-06-28 17:06:29','0000-00-00 00:00:00'),(102,'ucapan selama malam diucapkan saat ….','malam hari','sore hari','pagi hari','siang hari','malam hari','2021-06-28 17:06:29','0000-00-00 00:00:00'),(103,'jika bertemu teman harus ….','dijauhi','disapa','dimarahi','di ledeki','disapa','2021-06-28 17:06:29','0000-00-00 00:00:00'),(104,'ibu menaruh bunga di dalam …','piring','pot','mangkok','gelas','pot','2021-06-28 17:06:29','0000-00-00 00:00:00'),(105,'ibu mengambil air menggunakan ….','ember','gunting','buku','piring','ember','2021-06-28 17:06:29','0000-00-00 00:00:00'),(106,'rumahku bersih karena sering ….','dikotori','disapu','disiram','di bakar','disapu','2021-06-28 17:06:29','0000-00-00 00:00:00'),(107,'suara dari ayam adalah ….','wek-wek','petok-petok','gug-gug','miaw-miaw','petok-petok','2021-06-28 17:06:29','0000-00-00 00:00:00'),(108,'kucing itu bersuara ….','berkokok','berkicau','mengeong','melolong','mengeong','2021-06-28 17:06:29','0000-00-00 00:00:00'),(109,'membuang sampah harus di ….','jalan','sungai','tempat sampah','trotoar','tempat sampah','2021-06-28 17:06:29','0000-00-00 00:00:00'),(110,'mencoret-coret tembok adalah perbuatan yang ….','baik','tidak baik','mulia','bagus','tidak baik','2021-06-28 17:06:29','0000-00-00 00:00:00'),(111,'andi belum makan andi merasa ….','senang','lapar','sedih','kesal','lapar','2021-06-28 17:06:29','0000-00-00 00:00:00'),(112,'olahraga dapat membuat badan menjadi ….','sehat','sakit','luka','capek','sehat','2021-06-28 17:06:29','0000-00-00 00:00:00'),(113,'saat merasa lelah kita harus ….','berlari','istirahat','jalan-jalan','makan ','istirahat','2021-06-28 17:06:29','0000-00-00 00:00:00'),(114,'ibu membeli …. di apotek.','obat','beras','baju','lauk','obat','2021-06-28 17:06:29','0000-00-00 00:00:00'),(115,'budi memakai …. di atas kepalanya.','sepatu','topi','buku','kaus kaki','topi','2021-06-28 17:06:29','0000-00-00 00:00:00'),(116,'hewan yang punya sayap dan dapat bertelur seperti ….','kambing','sapi','ayam','kucing','ayam','2021-06-28 17:06:29','0000-00-00 00:00:00'),(117,'aku mempunyai belalai dan gading tubuhku sangat besar hewan apakah aku ?','kucing','singa','gajah','ayam','gajah','2021-06-28 17:06:29','0000-00-00 00:00:00'),(118,'aku adalah bunga yang indah aku berwarna-warni bunga apakah aku?','bunga matahari','bunga mawar','bunga melati','bunga kamboja','bunga mawar','2021-06-28 17:06:29','0000-00-00 00:00:00'),(119,'Jagung, tempe dan tahu adalah termasuk …','minuman','makanan','hewan','serangga','makanan','2021-06-28 17:06:29','0000-00-00 00:00:00'),(120,'tubuh bisa menjadi sehat jika kita rajin …','tidur','belajar','Olahraga','main','Olahraga','2021-06-28 17:06:29','0000-00-00 00:00:00'),(121,'kita memakai baju untuk melindungi …','sepeda','tubuh','tas','kaki','tubuh','2021-06-28 17:06:29','0000-00-00 00:00:00'),(122,'udara dibutuhkan manusia untuk …','makanan','bernafas','minuman','berjalan','bernafas','2021-06-28 17:06:29','0000-00-00 00:00:00'),(123,'pohon-pohon di depan rumah membuat udara terasa …','sejuk','dingin','panas','sesak','sejuk','2021-06-28 17:06:29','0000-00-00 00:00:00'),(124,'rumah yang sehat harus selalu …','disirami','dicat','dibersihkan','di biarkan','dibersihkan','2021-06-28 17:06:29','0000-00-00 00:00:00'),(125,'membersihkan sampah lebih mudah menggunakan …','piring','sapu','kayu','kain pel','sapu','2021-06-28 17:06:29','0000-00-00 00:00:00'),(126,'sampah di selokan bisa menyebabkan …','air bersih','air wangi','air sehat','air kotor','air kotor','2021-06-28 17:06:29','0000-00-00 00:00:00'),(127,'di sekolah kita tidak boleh membuang sampah …','di tempat sampah','sembarangan','di tong sampah','di tempat nya','sembarangan','2021-06-28 17:06:29','0000-00-00 00:00:00'),(128,'tanaman akan tumbuh subur jika diberi …','pupuk','pot','pagar','beton','pupuk','2021-06-28 17:06:29','0000-00-00 00:00:00'),(129,'udara yang segar dibutuhkan …','anak kecil','orang dewasa','semua orang','lansia','semua orang','2021-06-28 17:06:29','0000-00-00 00:00:00'),(130,'benda yang bentuknya bulat adalah …','penggaris','bola','batu bata','tas','bola','2021-06-28 17:06:29','0000-00-00 00:00:00'),(131,'benda yang baunya wangi adalah …','bunga','batu','tanah','aspal','bunga','2021-06-28 17:06:29','0000-00-00 00:00:00'),(132,'benda yang rasanya asin adalah …','gula','garam','tepung','lada','garam','2021-06-28 17:06:29','0000-00-00 00:00:00'),(133,'benda yang dapat berubah bentuk dengan mudah adalah …','batu','air','kayu','kaca','air','2021-06-28 17:06:29','0000-00-00 00:00:00'),(134,'kayu jati bisa digunakan untuk membuat …','nasi','baju','meja','tas','meja','2021-06-28 17:06:29','0000-00-00 00:00:00'),(135,'benda yang berbentuk cair adalah …','meja','minyak goreng','asap','batu','minyak goreng','2021-06-28 17:06:29','0000-00-00 00:00:00'),(136,'benda yang ringan dan halus adalah …','batu','besi','kertas','kayu','kertas','2021-06-28 17:06:29','0000-00-00 00:00:00'),(137,'lantai keramik mempunyai permukaan yang …','Halus','kasar','bagus','licin','Halus','2021-06-28 17:06:29','0000-00-00 00:00:00'),(138,'ayah adalah orang yang mencari …. untuk keluarga.','nafkah','anak','nasi','minum','nafkah','2021-06-28 17:06:29','0000-00-00 00:00:00'),(139,'seragam siswa laki-laki di sekolah adalah ….','celana','rok','daster','baju panjang','celana','2021-06-28 17:06:29','0000-00-00 00:00:00'),(140,'ketika di rumah kita harus rukun dengan ….','teman','guru','keluarga','sepupu','keluarga','2021-06-28 17:06:29','0000-00-00 00:00:00'),(141,'nasihat dari ibu guru di sekolah harus kita ….','dengarkan','bantah','lupakan','abaikan','dengarkan','2021-06-28 17:06:29','0000-00-00 00:00:00'),(142,'hidup rukun membuat kita menjadi ….','berbeda','bersatu','berkelahi','bermusuhan','bersatu','2021-06-28 17:06:29','0000-00-00 00:00:00'),(143,'ketika ada teman yang pinjam pensil maka kita harus ….','menyembunyikannya','meminjami','memarahi','mengabaikan','meminjami','2021-06-28 17:06:29','0000-00-00 00:00:00'),(144,'hidup tertib berarti hidup dengan ….','kacau','bersama','teratur','melanggar','teratur','2021-06-28 17:06:29','0000-00-00 00:00:00'),(145,'teman yang minta maaf harus kita ….','balas','marahi','maafkan','abaikan','maafkan','2021-06-28 17:06:29','0000-00-00 00:00:00'),(146,'kelas yang tertib membuat belajar menjadi ….','susah','menyebalkan','biasa saja','nyaman','nyaman','2021-06-28 17:06:29','0000-00-00 00:00:00'),(147,'semua peraturan yang ada harus kita ….','langgar','patuhi','jauhi','abaikan','patuhi','2021-06-28 17:06:29','0000-00-00 00:00:00'),(148,'hidup tertib itu sangat ….','bermanfaat','tidak berguna','membosankan','biasa saja','bermanfaat','2021-06-28 17:06:29','0000-00-00 00:00:00'),(149,'saat makan kita tidak boleh ….','pakai sendok','pakai tangan kanan','rebutan makanan','pakai  garpu','rebutan makanan','2021-06-28 17:06:29','0000-00-00 00:00:00'),(150,'setelah selesai belajar maka buku-bukunya harus ….','dirapikan','dibiarkan','ditinggalkan','di buang','dirapikan','2021-06-28 17:06:29','0000-00-00 00:00:00'),(151,'dina akan makan pagi sebelum makan dina harus …. dahulu.','berdoa','tidur','nonton tv','main hp','berdoa','2021-06-28 17:06:29','0000-00-00 00:00:00'),(152,'Jika berangkat sekolah kita tidak boleh ….','tepat waktu','membolos','terlambat','berlari','terlambat','2021-06-28 17:06:29','0000-00-00 00:00:00'),(153,'kita harus berhenti saat lampu lalu-lintas berwarna ….','Merah','Kuning','Hijau','abu abu','Merah','2021-06-28 17:06:29','0000-00-00 00:00:00'),(154,'jika ibu guru menjelaskan pelajaran maka harus ….','bicara sendiri','didengarkan','dibantah','di abaikan','didengarkan','2021-06-28 17:06:29','0000-00-00 00:00:00'),(155,'membuang sampah sembarangan dapat membuat lingkungan menjadi ….','bagus','bersih','kotor','baik','kotor','2021-06-28 17:06:29','0000-00-00 00:00:00'),(156,'saat lampu lalu lintas berwarna kuning maka kita harus ….','Ngebut','berhenti','hati-hati','jalan','hati-hati','2021-06-28 17:06:29','0000-00-00 00:00:00'),(157,'tertib di sekolah membuat kita ….. guru.','disukai','dimarahi','dihukum','di nasihati','disukai','2021-06-28 17:06:29','0000-00-00 00:00:00'),(158,'jika kita melanggar lalu lintas maka dapat menyebabkan ….','kelancaran','kecelakaan','kebersihan','kemacetan','kecelakaan','2021-06-28 17:06:29','0000-00-00 00:00:00'),(159,'Warga yang hidup rukun maka meraka akan hidup dengan saling ….','Bersaing','Menolong','Bermusuhan','berdebat','Menolong','2021-06-28 17:06:29','0000-00-00 00:00:00'),(160,'Hidup yang rukun akan meningkatkan rasa ….','Persatuan','Semangat','Malas','sedih','Persatuan','2021-06-28 17:06:29','0000-00-00 00:00:00'),(161,'Ketika ada teman kita yang sedang bekelahi, maka sebaiknya kita mencoba untuk …','Menyoraki agar lebih seru','Membantu teman yang kita suka','Melerai mereka yang bertengkar','menyemangati','Melerai mereka yang bertengkar','2021-06-28 17:06:29','0000-00-00 00:00:00'),(162,'Jika ada tetangga yang sedang kesusahan maka kita wajib untuk ….','Menolongnya semampu kita','Membiarkan orang lain menolongnya','Melaporkan kepada kepala desa','menjahili nya','Menolongnya semampu kita','2021-06-28 17:06:29','0000-00-00 00:00:00'),(163,'Dengan tolong menolong maka pekerjaan bisa menjadi lebih …','Berat','Sangat berat','Ringan','sangat sangat berat','Ringan','2021-06-28 17:06:29','0000-00-00 00:00:00'),(164,'Indonesia adalah negara yang punya banyak suku, namun semuanya harus tetap ….','Saling membenci','Saling mengejek','Bersatu','saling bertarung','Bersatu','2021-06-28 17:06:29','0000-00-00 00:00:00'),(165,'Manusia tidak bisa hidup secara …','Bersama-sama','Sendirian','Tolong menolong','berpecah','Sendirian','2021-06-28 17:06:29','0000-00-00 00:00:00'),(166,'Kegiatan yang bisa mempererat kerukunan di masyarakat adalah ….','Kerja bakti','Mengerjakan PR','Berkelahi dengan teman','melanggar aturan','Kerja bakti','2021-06-28 17:06:29','0000-00-00 00:00:00'),(167,'Menolong orang lain berarti juga bahwa hidup kita bisa ….','Bermanfaat','Bermartabat','Berpangkat','berhubungan','Bermanfaat','2021-06-28 17:06:29','0000-00-00 00:00:00'),(168,'Sinta selalu menolong orang lain agar dipuji oleh teman-temannySikap sinta tersebut adalah ….','Pantas dicontoh','Tidak pantas ditiru','Sangat baik','baik','Tidak pantas ditiru','2021-06-28 17:06:29','0000-00-00 00:00:00'),(169,'Membersihkan lingkungan sungai akan lebih ringan jika dikerjakan secara … .','Sendirian','Bergantian','Bersama-sama','tidak ikut','Bersama-sama','2021-06-28 17:06:29','0000-00-00 00:00:00'),(170,'Rina melihat anak kucing yang tercebur ke selokan. Lalu Rina dengan susah payah menolongnyPerbuatan RIna adalah perbuatan yang baik karena ….','Menolong hewan akan dipuji orang','Hewan juga adalah ciptaan Tuhan','Hewan akan membawa keberuntungan','hewan akan berterimakasih','Hewan juga adalah ciptaan Tuhan','2021-06-28 17:06:29','0000-00-00 00:00:00'),(171,'Semua yang ada di sekitar kita dinamakan …','Lingkungan sawah','Lingkungan sekolah','Lingkungan alam','lingkungan kebun','Lingkungan alam','2021-06-28 17:06:29','0000-00-00 00:00:00'),(172,'Lingkungan alam adalah ciptaan Tuhan yang seharusnya …','Dimusnahkan manusia','Dibiarkan saja','Dimanfaatkan manusia','di hancurkan','Dimanfaatkan manusia','2021-06-28 17:06:29','0000-00-00 00:00:00'),(173,'Bunga-bunga dan pohon adalah contoh lingkungan alam berupa …','Tumbuh-tumbuhan','Hewan','Benda mati','manusia','Tumbuh-tumbuhan','2021-06-28 17:06:29','0000-00-00 00:00:00'),(174,'Memelihara dan menjaga lingkungan alam adalah kewajiban dari …','Kepala sekolah dan guru','Ayah dan ibu','Semua orang','kawan kawan','Semua orang','2021-06-28 17:06:29','0000-00-00 00:00:00'),(175,'Membuang sampah di sungai termasuk perbuatan yang …','Menjaga lingkungan','Memelihara lingkungan','Mengotori lingkungan','membudidayakan','Mengotori lingkungan','2021-06-28 17:06:29','0000-00-00 00:00:00'),(176,'Membuang sampah dan limbah di sungai bisa membuat ikan di sungai menjadi …','Mati','Tambah besar','Cepat beranak','ekosistem bagus','Mati','2021-06-28 17:06:29','0000-00-00 00:00:00'),(177,'Memelihara lingkungan alam di wilayah rumah contohnya adalah …','Membuang sampah sembarangan','Membersihkan sampah yang berserakan','Merapikan buku di perpustakaan','membakar sampah ','Membersihkan sampah yang berserakan','2021-06-28 17:06:29','0000-00-00 00:00:00'),(178,'Kegiatan yang dapat menyebabkan polusi udara adalah …','Menanam pohon-pohon di halaman rumah','Membuat banyak jendela di rumah','Kemana-mana naik kendaraan bermotor','kemana mana naik sepedah','Kemana-mana naik kendaraan bermotor','2021-06-28 17:06:29','0000-00-00 00:00:00'),(179,'Memberikan pupuk adalah salah satu contoh memelihara tanaman agar menjadi …','Tumbuh subur','Cepat berbuah','Cepat layu','cepat mati','Tumbuh subur','2021-06-28 17:06:29','0000-00-00 00:00:00'),(180,'Danau dan waduk dapat dimanfaatkan manusia untuk …','Memelihara buaya','Tempat wisata','Tempat membuang sampah','kolam renang','Tempat wisata','2021-06-28 17:06:29','0000-00-00 00:00:00'),(181,'Menjaga kebersihan lingkungan harus kita mulai dari …','Teman-teman','Diri sendiri','Orang yang lebih tua','sepupu','Diri sendiri','2021-06-28 17:06:29','0000-00-00 00:00:00'),(182,'Lingkungsan sekolah yang bersih dan sehat membuat para siswanya merasa …','Nyaman belajar','Sulit belajar','Tidak semangat belajar','mengantuk','Nyaman belajar','2021-06-28 17:06:29','0000-00-00 00:00:00'),(183,'Di lingkungan sekolah setiap siswa dapat ikut menjaga lingkungan alam dengan cara …','Sering membakar kertas di kelas','Kerja bakti membersihkan halaman','Mengambil buah-buahan di halaman','membuang sampah sembarang','Kerja bakti membersihkan halaman','2021-06-28 17:06:29','0000-00-00 00:00:00'),(184,'29-7=...','26','22','24','45','22','2021-06-28 17:06:29','0000-00-00 00:00:00'),(185,'alat untuk makan kecuali','sendok','cangkir','garpu','piring','cangkir','2021-06-28 17:06:29','0000-00-00 00:00:00'),(186,'40>21','lebih banyak','lebih sedikit','sama dengans','kurang','lebih banyak','2021-06-28 17:06:29','0000-00-00 00:00:00'),(187,'nama bilangan dari angka 57 adalah ….','lima tujuh','lima tujuh puluh','lima puluh tujuh','tujuh lima puluh','lima puluh tujuh','2021-06-28 17:06:29','0000-00-00 00:00:00'),(188,'lambang bilangan dari delapan puluh sembilan adalah …..','809','89','98','21','89','2021-06-28 17:06:29','0000-00-00 00:00:00'),(189,'41 – 39 – 38 – 42 – 40,urutan yang tepat dari angka-angka di atas dari yang paling kecil adalah ….','39 – 38 – 42 – 41 – 40','42 – 41 – 40 – 39 – 38','38 – 39 – 40 – 41 – 42','38 – 39 – 40 –  42 – 41','38 – 39 – 40 – 41 – 42','2021-06-28 17:06:29','0000-00-00 00:00:00'),(190,'77 – 78 – 81 – 80 – 79,urutan yang tepat dari angka-angka di atas dari yang paling besar adalah ….','77 – 78 – 79 – 80 – 81','81 – 80 – 79 – 78 – 77','79 – 78 – 81 – 80 – 77','c.78 – 79 – 81 – 80 – 77','81 – 80 – 79 – 78 – 77','2021-06-28 17:06:29','0000-00-00 00:00:00'),(191,'Angka 86 …… angka 76','lebih besar','lebih kecil','sama besar','sama','lebih besar','2021-06-28 17:06:29','0000-00-00 00:00:00'),(192,'angka 49 …… angka 91','lebih besar','lebih kecil','sama besar','sama','lebih kecil','2021-06-28 17:06:29','0000-00-00 00:00:00'),(193,'nilai angka 82 = …. puluhan + …. satuan','8 puluhan + 2 satuan','80 puluhan + 2 satuan','8 puluhan + 20 satuan','80 puluhan + 20 satuan','80 puluhan + 2 satuan','2021-06-28 17:06:29','0000-00-00 00:00:00'),(194,'alia membeli 26 buah jeruk dani membeli 33 buah jeruk jumlah jeruk yang dibeli alia dan dani adalah ….','58','59','57','52','59','2021-06-28 17:06:29','0000-00-00 00:00:00'),(195,'98 – 25 = …. hasil pengurangan di atas adalah ….','71','72','73','78','73','2021-06-28 17:06:29','0000-00-00 00:00:00'),(196,'45 + 12 + 10 = …. hasil operasi hitung di atas adalah ….','57','67','77','62','67','2021-06-28 17:06:29','0000-00-00 00:00:00'),(197,'69 – 37 – 31 = …. hasil operasi hitung di atas adalah ….','1','11','2','8','1','2021-06-28 17:06:29','0000-00-00 00:00:00'),(198,'68 – 15 + 12 = hasil operasi hitung di atas adalah ….','65','55','64','10','65','2021-06-28 17:06:29','0000-00-00 00:00:00'),(199,'45 + 10 – 15 = …..hasil operasi hitung di atas adalah ….','30','40','39','52','40','2021-06-28 17:06:29','0000-00-00 00:00:00'),(200,'dika mempunyai 25 kelereng dika membeli lagi 14 kelereng kemudian dika memberikannya kepada rudi 12 kelereng sekarang sisa kelereng dika adalah ….','28 kelereng','27 kelereng','26 kelereng','29 kelereng','27 kelereng','2021-06-28 17:06:29','0000-00-00 00:00:00'),(256,'Kita harus … sebelum melakukan kegiatan.','berdoa','bernyanyi','bermain','bersepeda','berdoa','2021-06-28 17:06:45','0000-00-00 00:00:00'),(257,'Cici mempunyai adik bernama Buyung, Huruf konsonan pada nama Buyung adalah…','B,Y, dan N','B,N dan G','B,Y,N dan G','B,U, dan G','B,Y,N, dan G','2021-06-28 17:06:45','0000-00-00 00:00:00'),(258,'Nama lengkap disebut juga…','nama julukan','nama panjang','nama angkat','nama panggilan','nama panjang','2021-06-28 17:06:45','0000-00-00 00:00:00'),(259,'Kita sering melakukan gerak berjalan, Berjalan adalah…','gerakan melangkah kaki secara bergantian','gerakan menekukan kaki secara bergantian','gerakan mengayunkan kaki secara bergantian','gerakan melambaikan kaki secara bergantian','gerakan melangkahkan kaki secara bergantian','2021-06-28 17:06:45','0000-00-00 00:00:00'),(260,'Planet terbesar adalah…','saturnus','uranus','jupiter','merkurius','jupiter','2021-06-28 17:06:45','0000-00-00 00:00:00'),(261,'Tati memiliki 5 buah apel, kemudian Tati diberi oleh ibu 3 buah apel yang Tati miliki sekarang adalah…','7','8','6','9','8','2021-06-28 17:06:45','0000-00-00 00:00:00'),(262,'Ibu membeli gelas sebanyak 17 buah, Angka 7 pada bilangan 17 disebut…','ribuan','satuan','puluhan','ratusan','satuan','2021-06-28 17:06:45','0000-00-00 00:00:00'),(263,'Tanda baca yang biasa digunakan dalam melakukan pertanyaan wawancara adalah…','tanda koma','tanda tanya','tanda seru','tanda titik','tanda tanya','2021-06-28 17:06:45','0000-00-00 00:00:00'),(264,'Gempa bumi di banten terjadi sekitar pukul 17:05 WIB, kata tanya yang sesuai untuk kalimat tersebut adalah…','di mana','apa','bagaimana','kapan','kapan','2021-06-28 17:06:45','0000-00-00 00:00:00'),(265,'Pohon mangga dapat berkembang biak dengan…','umbi','spora','cangkok','stek','cangkok','2021-06-28 17:06:45','0000-00-00 00:00:00'),(266,'Ikan paus berkembang biak dengan cara…','bertelur','membelah diri','melahirkan','bertelur dan melahirkan','melahirkan','2021-06-28 17:06:45','0000-00-00 00:00:00'),(267,'Berikut ini yang merupakan satuan baku adalah…','3kg gula pasir','6 sendok the','4 butir telur','2 sendok garam','3kg gula pasir','2021-06-28 17:06:45','0000-00-00 00:00:00'),(268,'Kegiatan jual beli dapat kita temukan di…','sekolah','rumah sakit','pasar','stasiun','pasar','2021-06-28 17:06:45','0000-00-00 00:00:00'),(269,'Jika kita ingin mengetahui letak suatu tempat, kita dapat melihat…','buku','denah','kamera','undangan','denah','2021-06-28 17:06:45','0000-00-00 00:00:00'),(270,'Makan di pagi hari disebut…','makanan','jajan','sarapan','ngemil','sarapan','2021-06-28 17:06:45','0000-00-00 00:00:00'),(271,'Hasil dari 5.173+3.683 adalah..','8.756','8.856','8.956','8.456','8.856','2021-06-28 17:06:45','0000-00-00 00:00:00'),(272,'Rani membaca di tempat yang memiliki penerangan buruk, hal itu akan membuat … Rani sakit.','badan','mata','kepala','perut','mata','2021-06-28 17:06:45','0000-00-00 00:00:00'),(273,'dibawah ini yang merupakan 3 jenis sudut adalah..','tumpul, kerucut, dan siku','siku, kerucut, dan kotak','kusam, bulat, runcing','siku, kusam, dan lurus','tumpul, kerucut, dan siku','2021-06-28 17:06:45','0000-00-00 00:00:00'),(274,'sudut yang mempunyai nilai ukur 90 derajat disebut dengan sudut…','lurus','siku, kerucut, dan kotak','tumpul','lancip','lancip','2021-06-28 17:06:45','0000-00-00 00:00:00'),(275,'6 minggu + 2 minggu + 72 jam = …hari','99','53','102','64','99','2021-06-28 17:06:45','0000-00-00 00:00:00'),(276,'Faktor utama 250 adalah…','2 dan 3','2 dan 5','3 dan 5','2, 3, dan 5','2 dan 5','2021-06-28 17:06:45','0000-00-00 00:00:00'),(277,'Faktorisasi utama 350 adalah…','2 x 3 x 5 x 7','2 x 5 x 5 x 7','2 x 2 x 3 x 5','2 x 3 x 3 x5','2 x 5 x 5 x 7','2021-06-28 17:06:45','0000-00-00 00:00:00'),(278,'Seseorang yang selalu mengikuti perkembangan gaya hidup di televisi bisa menyebabkan dirinya…','hidup sederhana','hidup berkecukupan','hidup bermewah-mewahan','hidup biasa saja','hidup bermewah-mewahan','2021-06-28 17:06:45','0000-00-00 00:00:00'),(279,'Satelit terbesar saturnus adalah…','ganymade','titan','phobos','rhea','titan','2021-06-28 17:06:45','0000-00-00 00:00:00'),(280,'hasil dari 70 - (-25) adalah…','-95','-45','45','95','95','2021-06-28 17:06:45','0000-00-00 00:00:00'),(281,'FPB dari 48, 72 dan 96 adalah…','2^5 x 3','2^4 x 3','2^3 x 3','2^2 x 3','2^3 x 3','2021-06-28 17:06:45','0000-00-00 00:00:00'),(282,'Sebelah timur pulau sumatra berbatasan dengan…','selat malaka','samudra hindia','teluk benggala','selat sunda','selat malaka','2021-06-28 17:06:45','0000-00-00 00:00:00'),(283,'candi borobudur merupakan kenampakan buatan yang merupakan ikon dari provinsi','jawa tengah','daerah istimewah yogyakarta','DKI jakarta','jawa barat','jawa tengah','2021-06-28 17:06:45','0000-00-00 00:00:00'),(284,'Kegiatan manusia dapat menggangu daur air berupa penyerapan air adalah','pelapisan jalan dengan aspal','pembuatan biopori','pelapisan tanah dengan pasir','pembuatan hutan lindung','pelapisan jalan dengan aspal','2021-06-28 17:06:45','0000-00-00 00:00:00'),(285,'dasar perhitungan kalender masehi/hijriah adalah','revolusi bulan','rotasi bulan','revolusi bumi','rotasi bumi','revolusi bumi','2021-06-28 17:06:45','0000-00-00 00:00:00'),(286,'fungsi dari pembuluh nadi adalah','sari-sari makanan','air','karbondioksida','oksigen','oksigen','2021-06-28 17:06:45','0000-00-00 00:00:00'),(287,'perkembangbiakan tumbuhan tersebut dilakukan dengan cara…','cangkok','okulasi','merunduk','stek','merunduk','2021-06-28 17:06:45','0000-00-00 00:00:00'),(288,'penyajian karangan yang panjang dalam bentuk singkat disebut…','sinopsis','cerpen','ringkasan','apersepsi','ringkasan','2021-06-28 17:06:45','0000-00-00 00:00:00'),(289,'tempat dan waktu terjadinya cerita disebut…','latar','alur','tema','amanat','latar','2021-06-28 17:06:45','0000-00-00 00:00:00'),(290,'tanggapan tentang baik buruknya sesuatu disebut','pujian','anjuran','kritikan','saran','kririkan','2021-06-28 17:06:45','0000-00-00 00:00:00'),(291,'laporan yang dibuat setelah mengunjungi suatu tempat disebut','karangan','laporan kunjungan','laporan pengambatan','narasi','laporan kunjungan','2021-06-28 17:06:45','0000-00-00 00:00:00'),(292,'berikut ini yang termasuk laporan kunjungan adalah…','bertamasya ke simpang lima gumul','naiknya harga sembako','biografi jokowidodo','wisata yang dilakukan di laut disebut','bertamasya ke simpang lima gumul','2021-06-28 17:06:45','0000-00-00 00:00:00'),(293,'karangan yang tidak terkait bait dan rima disebut','prosa','puisi','drama','narasi','prosa','2021-06-28 17:06:45','0000-00-00 00:00:00'),(294,'mengubah puisi ke bentuk prosa disebut','paraprosa','parafrasa prosa','parafrasa puisi','mengarang','parafrasa puisi','2021-06-28 17:06:45','0000-00-00 00:00:00'),(295,'najwa sedang menikmati rangkaian peristiwa dalam cerita keong mas yang dibancanya bagian kalimat yang dicetak miring diganti dengan istilah','tema','alur','amanat','latar','alur','2021-06-28 17:06:45','0000-00-00 00:00:00'),(296,'Dicari seorang koki berpengalaman. Hub, restoran bundo. Teks diatas merupakan','ringkasan pesan','iklan lowongan kerja','iklan penawaran barang','pengumuman','iklan lowongan kerja','2021-06-28 17:06:45','0000-00-00 00:00:00'),(297,'semut merah itu berusaha naik ke atas daun melawan gelombang yang besar. Cerita diatas mengungkapkan pesan…','mengerjakan sesuatu sebaiknya disertai dengan semangat','disertai dengan ketabahan, kebersihan akan sulit dicapai','ikhlas dan tabah adalah salah satu jalan menuju kesuksesan','dengan usaha sungguh-sungguh keberhasilan dapat dicapai','dengan usaha sungguh-sungguh keberhasilan dapat dicapai','2021-06-28 17:06:45','0000-00-00 00:00:00'),(298,'hal hal yang harus diperhatikan dalam membuat laporan hasil pengamatan yaitu…','waktu, hasil, pelapor, tempat, objek, nilai','judul, tempat, objek, waktu, hasil, pelapor','tempat, waktu, hasil, objek, judul, kesimpulan','objek, waktu, hasil, pelapor, tanda tangan orangtua','tempat, waktu, hasil, objek, judul, kesimpulam','2021-06-28 17:06:45','0000-00-00 00:00:00'),(299,'formulir yang berisi tentang data diri seseorang secara lengkap disebut','daftar riwayat hidup','kartu keluarga','catatan pribadi','buku harian','kartu keluarga','2021-06-28 17:06:45','0000-00-00 00:00:00'),(300,'berikut ini yang erupakan kalimat pujian yang benar adalah…','pandai sekali kamu, sampai dapat nilai nol','bagus sekali tulisanmu, sampai tidak terbaca','jujur sekali kamu, uang teman kamu ambil','pintar sekali kamu, bagaimana caranya ?','pintar sekali kamu, bagaimana caranya ?','2021-06-28 17:06:45','0000-00-00 00:00:00'),(301,'paman datang ketika aku baru pulang dari les matematika. Kalimat diatas merupakan kalimat','majemuk setara','majemuk bertingkat','berita','gabungan','majemuk bertingkat','2021-06-28 17:06:45','0000-00-00 00:00:00'),(302,'dalam memberikan tanggapan yang berupa kritikan, pernyataan yang kita berikan harus bersifat','mambangun','benar','subyektif','bebas','membangun','2021-06-28 17:06:45','0000-00-00 00:00:00'),(303,'sebaiknya kamu memberikan tanggapan yang berupa kritikan, pernyataan yang kita berikan harus bersifat','anjuran','perintah','tanggapan','pujian','tanggapan','2021-06-28 17:06:45','0000-00-00 00:00:00'),(304,'firda baru saja megunjungi candi borobudur bersama teman sekelasnya. Setelah pulang, firda dan teman temannya membuat karya imiah yang disebut','laporan','tugas','narasi','laporan hasil kunjungan','laporan hasil kunjungan','2021-06-28 17:06:45','0000-00-00 00:00:00'),(305,'berikut ini yang termasuk laporan kunjungan adalah','bertamasya ke wisata bahari lamongan','naiknya tarif dasar listrik','dampak negatif dan positif arus globalisasi','pengamatan pembibitan anggrek bulan','bertamasya ke wisata bahari lamongan','2021-06-28 17:06:45','0000-00-00 00:00:00'),(306,'hasil dari 17^2 - 15^2 adalah…','4','16','64','128','64','2021-06-28 17:06:45','0000-00-00 00:00:00'),(307,'1 3/4 diubah ke persen menjadi…','125%','145%','165%','175%','175%','2021-06-28 17:06:45','0000-00-00 00:00:00'),(308,'Di tempat penyewaan peralatan pesta terdapat 6 gros piring. Sebanyak 4 lusin dipinjam oleh bu tuti dan sebanyak 2 gros dipinjam oleh bu ayu. Piring yang tersisa di tempat tersebut sebanyak … buah','528','588','628','688','528','2021-06-28 17:06:45','0000-00-00 00:00:00'),(309,'Tumbuhan kaktus mempunyai batang yang mengandung air, batang ini berguna untuk','mengurangi penguapan air','meindungi diri dari pemangsa','menyimpan cadangan air ketika musim panaas','menahan panas dari luar','menyimpan cadangan air ketika musim panas','2021-06-28 17:06:45','0000-00-00 00:00:00'),(310,'Dengan menggunakan apa cicak dapat menangkap serangga sebagai makanannya','kaki yang dapat menempel','lidah yang panjang dan lengket','mulut','ekor yang panjang','lidah yang panjang dan lengket','2021-06-28 17:06:45','0000-00-00 00:00:00'),(311,'Yang bukan termasuk keuntungan dari perkembangbiakan vegetative adalah','dapat memproduksi tumbuhan yang diinginkan','berdaun lebat dan batang bercabang banyak','memperoleh keturunan yang dihasilkan','mendapatkan buah yang besar dan manis','berdaun lebat dan batang bercabang banyak','2021-06-28 17:06:45','0000-00-00 00:00:00'),(312,'Tumbuhan yang berkembang biak secara tak kawin dengan cara rizhoma yaitu','lengkuas, jahe, kunyit','jahe, kunyit, alang-alang','alang-alang, jahe, lengkuas','lengkuas, kunyit, alang-alang','lengkua, jahe, kunyit','2021-06-28 17:06:45','0000-00-00 00:00:00'),(313,'Yang termasuk hewan herbivore adalah','harimau, singa, kambing','kambing, kucing, anjing','kambing, kerbau, sapi','ayam, gajah, kucing','kambing, kerbau, sapi','2021-06-28 17:06:45','0000-00-00 00:00:00'),(314,'Tumbuh dan berkembang memiliki pengertian yang berbeda. Pengertian tumbuh adalah perubahan volume tubuh suatu makhluk hidup. Pengertian berkembang adalah','perubahan mental yang terjadi secara teratur','perkembangan fisik mahluk hidup secara terus menerus','proses kedewasaan yang tidak dapat diukur','Pertumbuhan ukuran tubuh makhluk hidup yang dapat diukur','Perkembangan fisik makhluk hidup secara terus menerus','2021-06-28 17:06:45','0000-00-00 00:00:00'),(315,'Suatu tumbuhan melakukan fotosintesis agar dapat berkembang dengan baik. Bahan-bahan yang digunakan dalam proses fotosintesis adalah','Glukosa dan oksigen','Glukosa dan oksigen','Air dan karbondioksida','Glukosa dan karbondioksida','Air dan karbondioksida','2021-06-28 17:06:45','0000-00-00 00:00:00'),(316,'Ciri-ciri bunga yang sempurna adalah yang memiliki','Kelopak bunga dan mahkota bunga','Putik dan kelopak bunga','Benang sari dan mahkota bunga','Putik dan benang sari','Putik dan benang sari','2021-06-28 17:06:45','0000-00-00 00:00:00'),(317,'Pertemuan antara sel telur dan sel sperma disebut','Pembuahan','Zigot','Embrio','Janin','Pembuahan','2021-06-28 17:06:45','0000-00-00 00:00:00'),(318,'Tujuan suatu makhluk hidup dalam berkembang biak adalah','Untuk memperoleh pasangan','Untuk melestarikan jenisnya','Untuk melestarikan lingkungannya','Untuk memperoleh nutrisi','Untuk melestarikan jenisnya','2021-06-28 17:06:45','0000-00-00 00:00:00'),(319,'Urutan metamorphosis yang benar pada kupu-kupu yaitu','Ulat – kepompong – telur – kupu-kupu','Telur – ulat – kepompong – kupu-kupu','Kepompong – ulat – telur – kupu-kupu','Ulat- telur – kepompong – kupu-kupu','Telur – ulat – kepompong – kupu-kupu','2021-06-28 17:06:45','0000-00-00 00:00:00'),(320,'Pada siang hari yang cerah rel kereta api pada bagian sembungan rel akan lebih rapat dibandingkan pada malam hari. Hal ini bisa terjadi karena','Kualitas rel kereta api yang rendah','Rel kereta api mengalami pemuaian karena panas sinar matahari','Pada siang hari lebih banyak yang melewati rel kereta api','Rel kereta api mengalami penyusutan karena melepaskan panas','Rel kereta api mengalami pemuaian karena panas sinar matahari','2021-06-28 17:06:45','0000-00-00 00:00:00'),(321,'Berikut ini yang termasuk dalam aktivitas mikroorganisme yang bersifat menguntungkan manusia adalah','Makanan menjadi basi','Warna roti berubah karena jamur','Singkong rebus berubah menjadi tape','Singkon menjadi busuk','Singkong rebus berubah menjadi tape','2021-06-28 17:06:45','0000-00-00 00:00:00'),(322,'Jika bunyi merambat di ruang udara maka','Bunyi tersebut dapat terdengar namun dalam jeda waktu yang lama','Bunyi tidak dapat terdengar karena tidak ada medium perambatan','Bunyi tersebut akan langsung terdengar','Bunyi tersebut akan dapat terdengar pada jarak radius 5 meter','Bunyi tidak dapat terdengar karena tidak ada medium perambatan','2021-06-28 17:06:45','0000-00-00 00:00:00'),(323,'Permukaan bumi sebagiannya tertutup oleh air yang disebut hidrosfer. Kandungan unsur hidrosfer terbesar adalah','Oksigen','Karbondioksida','Hidrogen','Nitrogen','Hidrogen','2021-06-28 17:06:45','0000-00-00 00:00:00'),(324,'Yang bukan termasuk perkembangbiakan secara vegetative yaitu','Pembentukan biji','Cangkok','Setek','Merunduk','Pembentukan biji','2021-06-28 17:06:45','0000-00-00 00:00:00'),(325,'Tindakan yang paling tepat untuk melindungi hewan yang memiliki jumlah yang sedikit dan sulit berkembangbiak adalah','Membangun tempat buatan yang luas','Membuat hewan tiruan yang mirip dengan hewan tersebut','Membuat peraturan untuk melindungi hewan tersebut dari pemburu liar','Dipelihara di tempat khusus dan dikembangkan secara inseminasi','Membuat peraturan untuk melindungi hewan tersebut dari pemburu liar','2021-06-28 17:06:45','0000-00-00 00:00:00'),(326,'Pisau yang tajam akan lebih mudah digunakan untuk memotong benda dibandingkan dengan pisau yang tumpul, hal ini karena','Benda mendapat tekanan yang lebih besar dari pisau tajam dibandingkan dari pisau tumpul','Benda mendapatkan tekanan yang lebih kecil dari pisau tajam dibandingkan dari pisau tumpul','Benda mendapatkan gaya yang lebih besar dari pisau tajam dibandingkan dari pisau tumpul','Benda mendapatkan gaya yang lebih kecil dar pisau tajam dibandingkan dari pisau tumpul','Benda mendapat tekanan yang lebih besar dari pisau tajam dibandingkan dari pisau tumpul','2021-06-28 17:06:45','0000-00-00 00:00:00'),(327,'Pemerintahan yang paling rendah dalam sistem pemerintahan di Indonesia adalah…','desa /kelurahan','kecamatan','kotamadya','kabupaten','desa /kelurahan','2021-06-28 17:06:45','0000-00-00 00:00:00'),(328,'Kepala desa menentukan peraturan desa bersama…','camat','sekretaris desa','kepala dusun','BPD','BPD','2021-06-28 17:06:45','0000-00-00 00:00:00'),(329,'Masa jabatan BPD adalah…','5 tahun','6 tahun','8 tahun','10 tahun','6 tahun','2021-06-28 17:06:45','0000-00-00 00:00:00'),(330,'Kepala desa dipilih oleh rakyat melalui…','pemilu','pilkades','pilkada','pilpres','pilkades','2021-06-28 17:06:45','0000-00-00 00:00:00'),(331,'Seorang kepala desa dibantu oleh...','wakil kepala desa','kepala dusun','ketua RT','perangkat desa','perangkat desa','2021-06-28 17:06:45','0000-00-00 00:00:00'),(332,'Petugas yang membantu kepala desa dalam bidang tata usaha adalah…','Ketua LPMD','Sekretaris Desa','Kepala dusun','Bendahara desa','Sekretaris Desa','2021-06-28 17:06:45','0000-00-00 00:00:00'),(333,'Wilayah kecamatan merupakan gabungan dari beberapa…','dusun','desa/kelurahan','kampung','kota','desa/kelurahan','2021-06-28 17:06:45','0000-00-00 00:00:00'),(334,'Istilah kecamatan di Provinsi Nanggroe Aceh Darussalam disebut dengan istilah…','sagoe cut','distrik','nagari','gampong','sagoe cut','2021-06-28 17:06:45','0000-00-00 00:00:00'),(335,'Camat diangkat oleh bupati atau walikota atas usul…','gubernur','menteri dalam negeri','sekretaris daerah','presiden','sekretaris daerah','2021-06-28 17:06:45','0000-00-00 00:00:00'),(336,'Kepala daerah kabupaten disebut…','gubernur','walikota','bupati','sekretaris daerah','bupati','2021-06-28 17:06:45','0000-00-00 00:00:00'),(337,'Muspika terdiri atas…','Camat, Kapolsek, dan Kapolri','Camat, Kapolsek, dan Dandim','Camat, Kapolsek, dan Danramil','Camat, Sekcam, dan Kodim','Camat, Kapolsek, dan Danramil','2021-06-28 17:06:45','0000-00-00 00:00:00'),(338,'Lembaga kepolisian di wilayah kabupaten adalah...','Polres','Polda','Polsek','Polri','Polres','2021-06-28 17:06:45','0000-00-00 00:00:00'),(339,'Lurah dipilih dan diangkat oleh…','walikota','camat','bupati','pemerintah','pemerintah','2021-06-28 17:06:45','0000-00-00 00:00:00'),(340,'Yang bertugas menjaga keamanan dan ketertiban di wilayah kecamatan adalah…','Koramil','Kepolisian Sektor','UPTD','Kepolisian daerah','Kepolisian Sektor','2021-06-28 17:06:45','0000-00-00 00:00:00'),(341,'Untuk menjaga keutuhan NKRI di wilayah kecamatan adalah tugas…','Koramil','Kapolda','Camat','Hansip','Koramil','2021-06-28 17:06:45','0000-00-00 00:00:00'),(342,'Camat dipilih oleh bupati/wali kota atas pertimbangan…','sekda','bupati','gubernur','wali kota','sekda','2021-06-28 17:06:45','0000-00-00 00:00:00'),(343,'Jika kepala daerah berhalangan dan tidak dapat menjalankan tugasnya maka pemerintahan daerah dijalankan oleh…','DPRD','sekretaris daerah','perangkat daerah','wakil kepala daerah','wakil kepala daerah','2021-06-28 17:06:45','0000-00-00 00:00:00'),(344,'Yang membantu bupati dalam urusan sistem pertahanan dan keamanan wilayah adalah…','koramil','kodim','polres','polsek','kodim','2021-06-28 17:06:45','0000-00-00 00:00:00'),(345,'Di bawah ini yang merupakan unsur pelaksana dalam otonomi daerah adalah…','desa','kelurahan','kota','kecamatan','kecamatan','2021-06-28 17:06:45','0000-00-00 00:00:00'),(346,'Kabupaten bukanlah bawahan dari provinsi. Kabupaten maupun kota merupakan daerah…','dinas daerah','sekcam','kapolres','kodim','dinas daerah','2021-06-28 17:06:45','0000-00-00 00:00:00'),(347,'Anggota DPRD kabupaten/kota dipilih oleh…','mandiri','otonom','pemekaran','independen','otonom','2021-06-28 17:06:45','0000-00-00 00:00:00'),(348,'Pembagian wilayah kabupaten di Indonesia saat ini merupakan warisan dari era pemerintahan…','wali kota','bupati','gubernur','rakyat','rakyat','2021-06-28 17:06:45','0000-00-00 00:00:00'),(349,'Anggota DPRD dipilih oleh rakyat melalui…','Jepang','Orde Baru','Orde Lama','Hindia Belanda','Hindia Belanda','2021-06-28 17:06:45','0000-00-00 00:00:00'),(350,'Lembaga di tingkat kabupaten yang bertugas melakukan penuntutan terhadap para pelanggar hukum adalah…','pemilu','pilkada','pilkades','musyawarah mufakat','pemilu','2021-06-28 17:06:45','0000-00-00 00:00:00'),(351,'Lembaga eksekutif di tingkat provinsi adalah…','gubernur','DPRD','Bupati','pengadilan tinggi','DPRD','2021-06-28 17:06:45','0000-00-00 00:00:00'),(352,'Anggota-anggota DPRD dipilih oleh rakyat melalui pemilu dan berasal dari…','kecamatan','kepala desa','kelompok masyarakat','partai politik','kecamatan','2021-06-28 17:06:45','0000-00-00 00:00:00'),(353,'Mengusulkan pemberhentian kepala daerah kepada presiden melalui menteri dalam negeri merupakan wewenang…','DPRD','sekda','BPD','KPK','KPK','2021-06-28 17:06:45','0000-00-00 00:00:00'),(354,'Masyarakat yang memiliki aspirasi-aspirasi untuk kepentingan orang banyak dapat menyampaikan aspirasi tersebut kepada…','DPRD','LSM','MPR','gubernur','DPRD','2021-06-28 17:06:45','0000-00-00 00:00:00'),(355,'Dewan Perwakilan Rakyat Daerah (DPRD) merupakan lembaga…','yudikatif','eksekutif','paradilan','legislatif','legislatif','2021-06-28 17:06:45','0000-00-00 00:00:00'),(356,'apabila suatu hewan memakan tumbuhan dan daging, maka hewan tersebut termasuk dalam kelompok…','herbivora','karnivora','insektivora','omnivora','herbivora','2021-06-28 17:06:45','0000-00-00 00:00:00'),(357,'contoh hewan yang memakan tumbuhan adalah','beruang','panda','tikus','babi','panda','2021-06-28 17:06:45','0000-00-00 00:00:00'),(358,'hewan yang memakan telur adalah','katak','penyu','kadal','ular','ular','2021-06-28 17:06:45','0000-00-00 00:00:00'),(359,'contoh burung pemakan daging ialahmerpa','merpati','kakaktua','bangau','beo','bangau','2021-06-28 17:06:45','0000-00-00 00:00:00'),(360,'Punggung bisa digerakkan ke depan dan ke belakang sebab memiliki','Tulang dada','Tulang paha','Ruas-ruas tulang belakang','Tulang-tulang rusuk','Ruas-ruas tulang belakang','2021-06-28 17:06:45','0000-00-00 00:00:00'),(361,'Bagian tubuh manusia yang bergerak karena memiliki sendi engsel adalah','Pergelangan tangan','Leher','Betis','Lengan','Lengan','2021-06-28 17:06:45','0000-00-00 00:00:00'),(362,'Tulang yang menyusun rangka kepala terdiri dari tulang keras sebab fungsinya adalah untuk','Melindungi hati','Melindungi otak','Melindungi paru','Melindungi tangan','Melindungi otak','2021-06-28 17:06:45','0000-00-00 00:00:00'),(363,'Hubungan antar tulang yang bersambungan sehingga tulang dapat digerakkan disebut','kulit','sendi','tulang','otot','sendi','2021-06-28 17:06:45','0000-00-00 00:00:00'),(364,'Tulang belikat termasuk tulang yang berbentuk','bulat','pipa','pipih','lonjong','pipih','2021-06-28 17:06:45','0000-00-00 00:00:00'),(365,'Tulang selangka dan tulang belikat terdapat pada','tulang rusuk','tulang gelang bahu','tulang pinggang','tulang dada','tulang gelang bahu','2021-06-28 17:06:45','0000-00-00 00:00:00'),(366,'Sendi yang terletak di antara tulang telapak tangan dan pangkal ibu jari termasuk','sendi engsel','sendi peluru','sendi pelana','sendi geser','sendi pelana','2021-06-28 17:06:45','0000-00-00 00:00:00'),(367,'Tulang leher manusia bisa diputar ke kiri dan ke kanan. Kemampuan tulang leher ini karena didukung adanya','sendi pelana','sendi peluru','sendi engsel','sendi putar','sendi putar','2021-06-28 17:06:45','0000-00-00 00:00:00'),(368,'Bagian mata yang berfungsi menyerap cahaya adalah','kelopak mata','iris mata','kornea','retina','iris mata','2021-06-28 17:06:45','0000-00-00 00:00:00'),(369,'Bagian akar yang berfungsi menyerap air dan mineral dari dalam tanah ke tumbuhan adalah','akar','rambut akar','inti akar','tudung akar','rambut akar','2021-06-28 17:06:45','0000-00-00 00:00:00'),(370,'Akar yang tumbuh di sepanjang batang disebut','akar tunggang','akar pelekat','akar tunjang','akar napas','akar pelekat','2021-06-28 17:06:45','0000-00-00 00:00:00'),(371,'Berikut adalah kelompok daun yang tulang daunnya melengkung yaitu daun','jambu, mangga, dan kecipir','singkong, pepaya, dan suku','gadung, uwi, dan sirih','jagung, padi, dan ilalang','gadung, uwi, dan sirih','2021-06-28 17:06:45','0000-00-00 00:00:00'),(372,'Pohon mangga termasuk tumbuhan yang memiliki batang berkayu. Batang pohon mangga akan terus tumbuh membesar karena aktivitas dari','stomata','kambium','kulit pohon','epidemis batang','kambium','2021-06-28 17:06:45','0000-00-00 00:00:00'),(373,'Contoh tumbuhan berkeping satu adalah','mangga','kacang hijau','jagung','jambu','jagung','2021-06-28 17:06:45','0000-00-00 00:00:00'),(374,'Zat makanan dan air dari akar di bawa ke daun melalui','kulit','batang','kayu','daun','batang','2021-06-28 17:06:45','0000-00-00 00:00:00'),(375,'Hewan pemakan segala disebut','herbivora','karnivora','omnivora','insektivora','omnivora','2021-06-28 17:06:45','0000-00-00 00:00:00'),(376,'Berikut contoh hewan insektivora, kecuali','cecak','tokek','katak','beruang','beruang','2021-06-28 17:06:45','0000-00-00 00:00:00'),(377,'Tahapan perubahan bentuk tubuh hewan sepanjang hidupnya disebut','tumbuh','berkembang biak','daur hidup','metamorfosis','metamorfosis','2021-06-28 17:06:45','0000-00-00 00:00:00'),(378,'Di bawah ini adalah contoh hewan yang mengalami metamorfosis sempurna adalah','katak dan belalang','kecoak dan jangkrik','nyamuk dan belalang','nyamuk dan kupu-kupu','nyamuk dan kupu-kupu','2021-06-28 17:06:45','0000-00-00 00:00:00'),(379,'Hubungan antar makhluk hidup yang saling menguntungkan disebut simbiosis','mutualisme','parasitisme','komensalisme','amensalisme','mutualisme','2021-06-28 17:06:45','0000-00-00 00:00:00'),(380,'Hubungan antara ikan hiu dengan ikan remora termasuk simbiosis','mutualisme','komensalisme','parasitisme','netralisme','komensalisme','2021-06-28 17:06:45','0000-00-00 00:00:00'),(381,'Dalam rantai makanan, tikus berkedudukan sebagai','konsumen tingkat 1','konsumen tingkat 2','produsen','pengurai','konsumen tingkat 1','2021-06-28 17:06:45','0000-00-00 00:00:00'),(382,'Berikut ini urutan yang benar mengenai rantai makanan adalah','padi - tikus - ular - burung elang - pengurai','padi - ular - tikus - burung elang - pengurai','padi - tikus - burung elang - ular - pengurai','padi - burung elang - tikus - ular - pengurai','padi - tikus - ular - burung elang - pengurai','2021-06-28 17:06:45','0000-00-00 00:00:00'),(383,'Berikut ini yang termasuk dalam komponen biotik adalah','tumbuhan','air','pasir','udara','tumbuhan','2021-06-28 17:06:45','0000-00-00 00:00:00'),(384,'Hubungan makhluk hidup dengan lingkungannya disebut','komunitas','ekosistem','populasi','habitat','ekosistem','2021-06-28 17:06:45','0000-00-00 00:00:00'),(385,'Ikan, tumbuhan, air, plankton, cahaya matahari, dan udara merupakan anggota ekosistem','hutan','padang pasir','akuarium','sungai','sungai','2021-06-28 17:06:45','0000-00-00 00:00:00'),(386,'Di bawah ini yang bukan termasuk benda padat adalah','sendok','minyak','garpu','kursi','minyak','2021-06-28 17:06:45','0000-00-00 00:00:00'),(387,'Kayu dapat diubah menjadi meja, kursi, dan lemari. Hal ini menandakan sifat benda padat','dapat berubah bentuknya','mengikuti tempatnya','tidak tetap','tidak dipengaruhi tempatnya','tidak dipengaruhi tempatnya','2021-06-28 17:06:45','0000-00-00 00:00:00'),(388,'Contoh peristiwa menyublim adalah','air di dalam freezer','mentega dipanaskan','kamper di lemari habis','pakaian basah menjadi kering','kamper di lemari habis','2021-06-28 17:06:45','0000-00-00 00:00:00'),(389,'Mudah terbakar, mudah robek, dan dapat menyerap cairan adalah sifat-sifat','kaca','karet','kain katun','kertas','kertas','2021-06-28 17:06:45','0000-00-00 00:00:00'),(390,'Pakaian basah yang dijemur di bawah sinar matahari lama-lama akan kering. Pakaian basah menjadi kering karena mengalami peristiwa','disposisi','kedap air','kapilaritas','penguapan','penguapan','2021-06-28 17:06:45','0000-00-00 00:00:00'),(391,'Sudut merupakan suatu ruang yang dibentuk karena adanya dua segmen yang saling','Dalam antrian','memotong','Bengkok','hanya','memotong','2021-06-28 17:06:45','0000-00-00 00:00:00'),(392,'Dibawah ini yang merupakan 3 jenis sudut adalah','Tumpul, kerucut dan siku','Siku, kusam dan lurus','Kusam, bulat dan runcing','Siku, kerucut dan kotak','Tumpul, kerucut dan siku','2021-06-28 17:06:45','0000-00-00 00:00:00'),(393,'Sudut yang mempunyai nilai ukur kurang dari 90° disebut dengan sudut','Lancip','tumpul','siku','lurus','Lancip','2021-06-28 17:06:45','0000-00-00 00:00:00'),(394,'Safira telah belajar kelompok dengan teman-temannya berdurasi 2 jam. Itu artinya dia telah belajar dalam','3.600 detik','60 detik','7.400 detik','7,200 detik','7,200 detik','2021-06-28 17:06:45','0000-00-00 00:00:00'),(395,'Jarak antara rumah Vidia dengan sekolah adalah 2 km. Jarak ini sama dengan','200 m','20 m','2.000 m','20.000 m','2.000 m','2021-06-28 17:06:45','0000-00-00 00:00:00'),(396,'Fuad telah mendapat hasil panen beras 3 ton. Hasil ini sama dengan','3.000 talenta','3.000 Hg','3.000 ons','3.000 kg','3.000 kg','2021-06-28 17:06:45','0000-00-00 00:00:00'),(397,'3 kg + 20 ons + 1 kuintal =','123 kg','15 kg','105 kg','303 kg','105 kg','2021-06-28 17:06:45','0000-00-00 00:00:00'),(398,'Lebih berat besi dengan bobot 1,5 kg atau kapas dengan bobot 3 kg','Besi mempunyai bobot yang lebih berat','Kapas lebih berat','sama','besi berat','Besi mempunyai bobot yang lebih berat','2021-06-28 17:06:45','0000-00-00 00:00:00'),(399,'8000 Mg + 9.000 cg – 10 g =','88','160','7','84','88','2021-06-28 17:06:45','0000-00-00 00:00:00'),(400,'Faris membeli jeruk 2 kg, apel 30 ons dan salak 15 Hg. Berapa berat keseluruhan','65 kg','6,5 kg','78','20','6,5 kg','2021-06-28 17:06:45','0000-00-00 00:00:00'),(401,'Humairah kemarin membeli kacamata 3 lusin. Artinya kacamata Humaira ada sebanyak','30 buah','36 buah','18 buah','72 buah','36 buah','2021-06-28 17:06:45','0000-00-00 00:00:00'),(402,'4 lusin + 2 gros + 50 buah =','288','242','386','448','242','2021-06-28 17:06:45','0000-00-00 00:00:00'),(403,'Ibu Yulis tadi pagi membeli 1 kertas pembatas dengan ukuran besar. Ternyata dirumah 100 bagian yang lainnya rusak. Sisa kertas adalah','900 lembar','1.900 lembar','400 lembar','300 lembar','400 lembar','2021-06-28 17:06:45','0000-00-00 00:00:00'),(404,'Hasil dari perhitungan 40.000 mm – 3.000 cm + 200 dm = … dm','197 dm','207 dm','300 dm','2170 dm','300 dm','2021-06-28 17:06:45','0000-00-00 00:00:00'),(405,'Harun memiliki tali dengan ukuran 10 m. Kemudian Harun akan memberikan tali kepada Mutia hanya 250 cm. Berapa sisa dari tali Harun','7,5 m','75 m','9,25 m','750 m','750 m','2021-06-28 17:06:45','0000-00-00 00:00:00'),(406,'There are … in my class','Car','Cars','Chair','Chairs','Chairs','2021-06-28 17:06:45','0000-00-00 00:00:00'),(407,'Frieda : Cassia has long blonde hair, right? Krista : No, she has … blonde hair','Short','Pointed','Round','Sharp','Short','2021-06-28 17:06:45','0000-00-00 00:00:00'),(408,'Nita : Does Dhoni have blue eyes? Toni : … . He has brown eyes','Yes, she does','No, she does not','Yes, he does','No, he does not','No, he does not','2021-06-28 17:06:45','0000-00-00 00:00:00'),(409,'We usually sleep in the … at night','Living room','Bedroom','Dining room','Bathroom','Bedroom','2021-06-28 17:06:45','0000-00-00 00:00:00'),(410,'My father usually puts the car and bike in the','Bedroom','Kitchen','Garage','Bathroom','Garage','2021-06-28 17:06:45','0000-00-00 00:00:00'),(411,'Ms. Jane : How many books are there in the bookcase? Fenny : There … twenty books in the bookcase','is','are','do','dioes','are','2021-06-28 17:06:45','0000-00-00 00:00:00'),(412,'Siska : What is your brother doing? Hanna : …','She is washing the car','She are washing the car','He is washing the car','He are washing the car','He is washing the car','2021-06-28 17:06:45','0000-00-00 00:00:00'),(413,'Father : What … you doing? Fitri : I am reading a book','are','is','does','do','are','2021-06-28 17:06:45','0000-00-00 00:00:00'),(414,'have – two – brothers – little – I . The correct order is…','I have two little brothers','I have two brothers litte','Two little brothers I have','Two brothers little I have','I have two little brothers','2021-06-28 17:06:45','0000-00-00 00:00:00'),(415,'bag – red – my – is – not. The correct order is','My bag red is not','Is not my red bag','Not my red bag is','My bag is not red','My bag is not red','2021-06-28 17:06:45','0000-00-00 00:00:00'),(416,'These are the rooms in a house, except','Living room','Kitchen','Class','Garage','Class','2021-06-28 17:06:45','0000-00-00 00:00:00'),(417,'We usually put the knife, stove, and toaster in the','Garage','Kitchen','Garden','Backyard','Kitchen','2021-06-28 17:06:45','0000-00-00 00:00:00'),(418,'We usually put toothpaste and soap in the','Living room','Bathroom','Bedroom','Dining room','Bathroom','2021-06-28 17:06:45','0000-00-00 00:00:00'),(419,'Gina : I must go to school now. Good bye, Ani!. Ani : … , Gina!','Hey!','Hello!','See you','How do you do','See you','2021-06-28 17:06:45','0000-00-00 00:00:00'),(420,'Henny : My name is Henny. … Kenez : My name is Kenez. Glad to meet you, too','Glad to meet you','Sad to meet you','How do you do','See you later','Glad to meet you','2021-06-28 17:06:45','0000-00-00 00:00:00'),(421,'Borobudur .... in Central Java','zoo','airport','crater','tample','tample','2021-06-28 17:06:45','0000-00-00 00:00:00'),(422,'Nancy goes to Australia by','car','plane','bicycle','motorcycle','plane','2021-06-28 17:06:45','0000-00-00 00:00:00'),(423,'I have a pen. It is .... pen','my','she','he','they','my','2021-06-28 17:06:45','0000-00-00 00:00:00'),(424,'We have a big house. This is .... House','She','He','our','they','our','2021-06-28 17:06:45','0000-00-00 00:00:00'),(425,'She has a cat. It is ... Cat','He','her','we','they','her','2021-06-28 17:06:45','0000-00-00 00:00:00'),(426,'The ice is','cold','hot','warm','very hot','cold','2021-06-28 17:06:45','0000-00-00 00:00:00'),(427,'Joko Widodo is the ..... of Indonesia','vice president','minister','prime minister','president','president','2021-06-28 17:06:45','0000-00-00 00:00:00'),(428,'The opposite of weak is','strong','big','small','long','strong','2021-06-28 17:06:45','0000-00-00 00:00:00'),(429,'Mango, apple, watermelon and banana are the names of','vegetables','animals','fruits','flowers','fruits','2021-06-28 17:06:45','0000-00-00 00:00:00'),(430,'Ant is small but elephant is','long','big','slim','small','big','2021-06-28 17:06:45','0000-00-00 00:00:00'),(431,'Indonesia is in','America','Europe','Australia','Asia','Asia','2021-06-28 17:06:45','0000-00-00 00:00:00'),(432,'I need a cup of .... for breakfast','fried rice','tea','potato','bread','tea','2021-06-28 17:06:45','0000-00-00 00:00:00'),(433,'The color of sky is y','yellow','red','blue','white','blue','2021-06-28 17:06:45','0000-00-00 00:00:00'),(434,'The color of jasmine flower is','black','yellow','white','red','white','2021-06-28 17:06:45','0000-00-00 00:00:00'),(435,'The color of Indonesian flag is','white and red','red and white','yellow and white','blue and red','red and white','2021-06-28 17:06:45','0000-00-00 00:00:00'),(436,'We have flag ceremony on','Sunday','Monday','Tuesday','Wednesday','Monday','2021-06-28 17:06:45','0000-00-00 00:00:00'),(437,'Before Friday is','Saturday','Sunday','Thursday','Wednesday','Thursday','2021-06-28 17:06:45','0000-00-00 00:00:00'),(438,'There are .... months in a year','twelve','twenty','seven','ten','twelve','2021-06-28 17:06:45','0000-00-00 00:00:00'),(439,'We celebrate Kartini Day on','January','August','February','April','April','2021-06-28 17:06:45','0000-00-00 00:00:00'),(440,'The first month is','January','February','October','December','January','2021-06-28 17:06:45','0000-00-00 00:00:00'),(441,'The last month is','January','December','April','August','December','2021-06-28 17:06:45','0000-00-00 00:00:00'),(442,'Today is Friday. Yesterday was','Wednesday','Tuesday','Saturday','Thursday','Thursday','2021-06-28 17:06:45','0000-00-00 00:00:00'),(443,'I have holiday on','Sunday','Monday','Tuesday','Wednesday','Sunday','2021-06-28 17:06:45','0000-00-00 00:00:00'),(444,'nine times four equals','34','36','46','16','36','2021-06-28 17:06:45','0000-00-00 00:00:00'),(445,'Thirty divided by three equals','ten','twelve','fifteen','five','ten','2021-06-28 17:06:45','0000-00-00 00:00:00'),(446,'Berikut ini yang bukan merupakan cara membuat magnet yaitu','paku dililit kawat berisolasi dan dialiri listrik','besi diletakkan di sekitar magnet','baja digosok dengan magnet ke segala arah','besi digosok dengan magnet ke satu arah','baja digosok dengan magnet ke segala arah','2021-06-28 17:06:45','0000-00-00 00:00:00'),(447,'Yang termasuk benda-benda magnetik antara lain','alumunium, kayu, besi','besi, baja, perak','karet, besi, timah','kayu, karet, kertas','kayu, karet, kertas','2021-06-28 17:06:45','0000-00-00 00:00:00'),(448,'Faktor yang memengaruhi besarnya kekuatan elektromagnet pada kumparan yaitu','menambah kuat arus dan memperpanjang kumparan','menambah jumlah lilitan dan memasukkan inti besi lunak di dalamnya','mengurangi tegangan dan menambah jumlah garis gaya','mengurangi kuat arus dan mengurangi jumlah lilitan','menambah jumlah lilitan dan memasukkan inti besi lunak di dalamnya','2021-06-28 17:06:45','0000-00-00 00:00:00'),(449,'Gaya gerak listrik induksi terjadi karena','memberi inti kebebasan melalui kumparan','memutar kumparan dalam medan magnetnya','mengalirkan arus listrik','meletakkan kawat berarus dalam medan magnet','memutar kumparan dalam medan magnetnya','2021-06-28 17:06:45','0000-00-00 00:00:00'),(450,'alat yang tidak menggunakan cara kerja elektromagnetik adalah','telepon','bel listrik','setrika listrik','relai','setrika listrik','2021-06-28 17:06:45','0000-00-00 00:00:00'),(451,'Kuat arus primer pada sebuah transformator 6 ampere, sedangkan lilitan primernya 20 lilitan dan lilitan sekundernya 40 lilitan. Kuat arus sekundernya adalah','20 ampere','120 ampere','3 ampere','6 ampere','3 ampere','2021-06-28 17:06:45','0000-00-00 00:00:00'),(452,'Alat – alat breikut yang memanfaatkan magnet, kecuali','Dynamo','kompas','tutup kulkas','ujung gunting','ujung gunting','2021-06-28 17:06:45','0000-00-00 00:00:00'),(453,'Pada sebuah transformator tegangan primer 220 V, kuat arus primer 4 A dan kuat arus sekunder 2A. Besar tegangan sekundernya adalah','110V','55V','880V','440V','440V','2021-06-28 17:06:45','0000-00-00 00:00:00'),(454,'Kumparan yang dihubungkan dengan output tegangan disebut','lilitan primer','lilitan sekunder','trafo','kumparan','lilitan sekunder','2021-06-28 17:06:45','0000-00-00 00:00:00'),(455,'Sebuah magnet batang dipotong menjadi dua. Potongan magnet tersebut yang tidak benar yaitu','memiliki dua buah kutub','kutub terdiri atas kutub utara dan kutub selatan','bersifat magnet','hanya memiliki kutub utara','hanya memiliki kutub utara','2021-06-28 17:06:45','0000-00-00 00:00:00'),(511,'Globalisasi dapat menyebabkan seseorang menjadi individualisme, artinya ....','mementingkan orang lain','mementingkan kepentingan bersama','mementingkan kepentingan diri sendiri','tidak punya kepentingan','mementingkan kepentingan diri sendiri','2021-06-28 17:07:00','0000-00-00 00:00:00'),(512,'Gunung merapi terletak berada di wilayah provinsi....','DKI Jakarta','Jawa Tengah','Jawa Timur','Jawa Barat','Jawa Tengah','2021-06-28 17:07:00','0000-00-00 00:00:00'),(513,'Candi Borobudur merupakan kenampakan buatan yang merupakan ikon dari provinsi ….','DKI Jakarta','Jawa Tengah','Daerah Istimewa Yogyakarta','Jawa Barat','Jawa Tengah','2021-06-28 17:07:00','0000-00-00 00:00:00'),(514,'Bilangan bulat negatif pada garis bilangan terletak di sebelah ... pada garis bilangan.','Tepat di 0','Kanan Bilangan 0','Kiri Bilangan 0','Kanan dan Kiri Bilangan 0','Kiri Bilangan 0','2021-06-28 17:07:00','0000-00-00 00:00:00'),(515,'Potensi sumber daya alam di pantai, yaitu ....','Kopi dan tebu','Kelapa dan ganggang','Padi dan kapas','Pasir dan tanah','Kelapa dan ganggang','2021-06-28 17:07:00','0000-00-00 00:00:00'),(516,'Bagian bunga yang akan berkembang menjadi biji pada tumbuhan disebut ....','Dasar bunga','Kelopak','Putik','Bakal biji','Bakal biji','2021-06-28 17:07:00','0000-00-00 00:00:00'),(517,'Untuk dapat menyesuaikan diri dengan lingkungannya, makhluk hidup perlu ....','Mencari Teman','Beradaptasi','Mencari Makan','Bertahan hidup','Beradaptasi','2021-06-28 17:07:00','0000-00-00 00:00:00'),(518,'Adaptasi tingkah laku yang dilakukan oleh kerbau, yaitu ....','Memiliki Tanduk','Memakan Rumput','Berkubang di Lumpur','Memiliki Bulu di Tubuhnya','Berkubang di Lumpur','2021-06-28 17:07:00','0000-00-00 00:00:00'),(519,'Pada garis bilangan -37 terletak di ... -78.','Tepat','Sebelah kanan','Sebelah kiri','Sebelah kanan dan kiri','Sebelah kanan','2021-06-28 17:07:00','0000-00-00 00:00:00'),(520,'Sebelum dan sesudah beraktivitas sebaiknya ..','Berdoa','Berbicara','Berdeba','Berdamai','Berdoa','2021-06-28 17:07:00','0000-00-00 00:00:00'),(521,'Saat masuk dan keluar kelas hendaknya …','Mengucap kata','Mengucap salam','Mengucap selamat','Tidak berbicara','Mengucap salam','2021-06-28 17:07:00','0000-00-00 00:00:00'),(522,'Perbedaan membuat kita saling …','Menghargai','Menyayangi','Membenci','Menghindar','Menghargai','2021-06-28 17:07:00','0000-00-00 00:00:00'),(523,'ketika membaca posisi tubuh harus..','Tegap','Lemas','Bungkuk','Bengkok','Tegap','2021-06-28 17:07:00','0000-00-00 00:00:00'),(524,'Tempat untuk membaca buku sebaiknya…','Tempat yang bersih','Tempat yang indah','Tempat yang terang','Tempat yang redup','Tempat yang terang','2021-06-28 17:07:00','0000-00-00 00:00:00'),(525,'Urutan 5 huruf abjad pertama adalah…','A b c e d','A b d e c','A b c d e','A b e c d','A b c d e','2021-06-28 17:07:00','0000-00-00 00:00:00'),(526,'234 = …. + 30 + 4','200','20','2','2000','200','2021-06-28 17:07:00','0000-00-00 00:00:00'),(527,'165 + 128 = ….','283','293','294','284','293','2021-06-28 17:07:00','0000-00-00 00:00:00'),(528,'245 + 182 = ….','426','427','327','326','427','2021-06-28 17:07:00','0000-00-00 00:00:00'),(529,'37 + 55 + 39 = ….','121','131','130','120','131','2021-06-28 17:07:00','0000-00-00 00:00:00'),(530,'375 – 165 = ….','210','220','110','120','210','2021-06-28 17:07:00','0000-00-00 00:00:00'),(531,'Pukul dua belas tepat jika ditulis angka menjadi ….','21.00','12.00','00.12','00.21','12.00','2021-06-28 17:07:00','0000-00-00 00:00:00'),(532,'Penggaris adalah alat untuk mengukur ….','Waktu','Panjang','Berat badan','Listrik','Panjang','2021-06-28 17:07:00','0000-00-00 00:00:00'),(533,'Alia mempunyai tongkat sepanjang 60 cm Sela mempunyai tongkat sepanjang 55 cm Lisa mempunyai tongkat sepanjang 61 cm dan Febri mempunyai tongkat sebanyak 56 cm Tongkat yang lebih panjang adalah milik ….','Alia','Sela','Lisa','Febri','Lisa','2021-06-28 17:07:00','0000-00-00 00:00:00'),(534,'Dina setiap hari membersihkan kandang kelinci miliknya, agar kelincinya tidak mudah ….','Beradaptasi','Sakit','Beranak','Sehat','Sehat','2021-06-28 17:07:00','0000-00-00 00:00:00'),(535,'Tanda baca yang tepat di akhir sebuah kalimat adalah ….','Koma','Titik','Seru','Tanya','Titik','2021-06-28 17:07:00','0000-00-00 00:00:00'),(536,'Semua peraturan di sekolah harus ….','Dilanggar','Dilupakan','Dibiarkan','Ditaati','Ditaati','2021-06-28 17:07:00','0000-00-00 00:00:00'),(537,'Bersyukur kepada Tuhan Yang Maha Esa, merupakan bentuk pengamalan Pancasila, sila ke …','Tiga','Satu','Dua','Empat','Satu','2021-06-28 17:07:00','0000-00-00 00:00:00'),(538,'Tekanan nada pada lagu ada dua macam, yaitu …','Panjang dan pendek','Kuat dan lemah','Besar dan kecil','Tinggi dan rendah','Panjang dan pendek','2021-06-28 17:07:00','0000-00-00 00:00:00'),(539,'Ketupat merupakan salah satu bentuk anyaman yang terbuat dari …','Sabut kelapa yang masih muda','Daun Kelapa yang sudah tua','Sabut kelapa yang sudah tua','Daun kelapa yang masih muda','Daun kelapa yang masih muda','2021-06-28 17:07:00','0000-00-00 00:00:00'),(540,'Panjang sebuah meja adalah 2 meter. Panjang meja tersebut sama dengan …','200 cm','20 cm','2 cm','2000 cm','200 cm','2021-06-28 17:07:00','0000-00-00 00:00:00'),(541,'Dengan gotong royong pekerjaan akan menjadi …','sia sia','semakin berat','cepat selesai','tidak membantu','cepat selesai','2021-06-28 17:07:00','0000-00-00 00:00:00'),(542,'Sandi ingin mengukur panjang pensilnya Sandi lebih mudah menggunakan ….','Metran','Penggaris','Jangka Sorong','Rafia','Penggaris','2021-06-28 17:07:00','0000-00-00 00:00:00'),(543,'Pada penggaris biasanya menggunakan satuan panjang yaitu ….','Milimeter','Centimeter','Meter','Kilometer','Centimeter','2021-06-28 17:07:00','0000-00-00 00:00:00'),(544,'Untuk mengukur benda-benda yang panjang seperti pintu dan jendela, kita bisa lebih mudah menggunakan ….','Meteran','Rafia','penggaris','Jangka sorong','Meteran','2021-06-28 17:07:00','0000-00-00 00:00:00'),(545,'Benda yang dapat diukur dengan jangka sorong seperti ….','Pensil dan buku','Lemari dan pintu','Meja dan jendela','Mur dan tutup botol','Mur dan tutup botol','2021-06-28 17:07:00','0000-00-00 00:00:00'),(546,'Kata tanya yang digunakan untuk menanyakan benda adalah …','Kapan','Dmana','Apa','Mengapa','Apa','2021-06-28 17:07:00','0000-00-00 00:00:00'),(547,'Bagian telinga yang berfungsi untuk mengubah bunyi menjadi getaran disebut …','Lubang telinga','Daun telinga','Gendang telinga','Rumah siput','Gendang telinga','2021-06-28 17:07:00','0000-00-00 00:00:00'),(548,'Sumber energi terbesar di bumi adalah …','Air','Angin','Api','Matahari','Matahari','2021-06-28 17:07:00','0000-00-00 00:00:00'),(549,'Benda yang mengalami perubahan energi listrik menjadi energi bunyi dan cahaya adalah …','Televisi','Radio','Telepon','Internet','Televisi','2021-06-28 17:07:00','0000-00-00 00:00:00'),(550,'5^2 artinya …','2 x 2 x 2 x 2 x 2','5 + 5','5 x 5','2 + 2 + 2 + 2','5 x 5','2021-06-28 17:07:00','0000-00-00 00:00:00'),(551,'Hasil dari 13^2 - 4^2 adalah …','9','81','153','185','153','2021-06-28 17:07:00','0000-00-00 00:00:00'),(552,'√484 - √196 = ...','32','64','17','8','8','2021-06-28 17:07:00','0000-00-00 00:00:00'),(553,'(4+2)^3 - 5^3 =....','-113','-31','1','91','91','2021-06-28 17:07:00','0000-00-00 00:00:00'),(554,'Teks investigasi berisi mengenai …','Fakta fakta','Hasil percobaan','Jalan cerita','Pengenalan masalah','Fakta fakta','2021-06-28 17:07:00','0000-00-00 00:00:00'),(555,'Hewan serangga yang bermetamorfosis tidak sempurna adalah …','Belalang dan kecoa','Nyamuk dan semut','Kumbang dan capung','Lebah dan jangkrik','Belalang dan kecoa','2021-06-28 17:07:00','0000-00-00 00:00:00'),(556,'Perubahan fisik yang terjadi pada remaja perempuan adalah …','pinggul melebar, payudara membesar, dan tumbuh jerawat','pinggul melebar, payudara membesar, dan tumbuh rambut pada bagian tertentu','payudara membesar, tumbuh jakun, dan tumbuh rambut pada bagian tertentu','tumbuh jerawat, pinggul melebar, dan tumbuh jakun','pinggul melebar, payudara membesar, dan tumbuh rambut pada bagian tertentu','2021-06-28 17:07:00','0000-00-00 00:00:00'),(557,'Perubahan fisik pada laki-laki yang mengalami masa pubertas adalah …','badan bertambah besar dan pinggul melebar','dada bidang dan suara menjadi lebih berat','dada bidang dan pinggul melebar','pinggul melebar dan tumbuh jakun','dada bidang dan suara menjadi lebih berat','2021-06-28 17:07:00','0000-00-00 00:00:00'),(558,'Bentuk desimal dari pecahan .. .','0,125','0,75','0,875','0,25','0,25','2021-06-28 17:07:00','0000-00-00 00:00:00'),(559,'87 jika dibulatkan ke puluhan terdekat adalah... .','100','80','85','90','90','2021-06-28 17:07:00','0000-00-00 00:00:00'),(560,'18,28 + 29,78 – 11,78 = ... .','48','42','36','12','36','2021-06-28 17:07:00','0000-00-00 00:00:00'),(561,'Teks yang di dalamnya berisi petunjuk atau arahan untuk menggunakan suatau alat adalah ….','Teks petunjuk penggunaan alat','Teks deskripsi tentang alat','Teks eksplanasi ilmiah','Teks percobaan penggunaan alat','Teks petunjuk penggunaan alat','2021-06-28 17:07:00','0000-00-00 00:00:00'),(562,'Metamorfosis kupu-kupu yang merugikan petani adalah pada tahap…','Pupa','Telur','Larva','Kepompong','Larva','2021-06-28 17:07:00','0000-00-00 00:00:00'),(563,'Tahapan siklus hidup belalang yang benar adalah….','telur, larva, pupa, imago','telur, larva, imago','telur, nimfa, imago','telur, larva, nimfa, imago','telur, nimfa, imago','2021-06-28 17:07:00','0000-00-00 00:00:00'),(564,'√529 =....','13','17','23','27','23','2021-06-28 17:07:00','0000-00-00 00:00:00'),(565,'((12-9)^3 +3)^3 =....','9.000','999','27','54','9.000','2021-06-28 17:07:00','0000-00-00 00:00:00'),(566,'Pengertian yang tepat tentang gagasan penjelas adalah …','Inti yang dibahas dalam sebuah paragraf','Uraian atau tambahan informasi pada gagasan pokok','Unsur penting yang harus ada dalam suatu bacaan','Kesimpulan sebuah paragraf yang ditulis oleh penulis','Uraian atau tambahan informasi pada gagasan pokok','2021-06-28 17:07:00','0000-00-00 00:00:00'),(567,'Suatu pesan tentang barang atau jasa yang disampaikan lewat media cetak atau elektronik untuk ditujukan kepada masyarakat disebut ….','pesan','surat','film','iklan','iklan','2021-06-28 17:07:00','0000-00-00 00:00:00'),(568,'Sendi putar terdapat pada tulang ….','pergelangan tangan','punggung','leher','lutut','leher','2021-06-28 17:07:00','0000-00-00 00:00:00'),(569,'Batang tenggorokan disebut juga ….','trakea','bronkiolus','bronkus','alveolus','trakea','2021-06-28 17:07:00','0000-00-00 00:00:00'),(570,'Dalam kerongkongan, terjadi gerakan meremas-remas untuk mendorong makanan masuk ke lambung. Gerakan tersebut disebut gerakan ….','peristaltik','apendiks','maltosa','duodenum','peristaltik','2021-06-28 17:07:00','0000-00-00 00:00:00'),(571,'Pada mulut katak terdapat gigi ….','taring','geraham','vomer','seri','vomer','2021-06-28 17:07:00','0000-00-00 00:00:00'),(572,'Pola yang dikembangkan dari gagasan antara paragraf yang satu dan yang lain disebut ….','hubungan antar paragraf','hubungan antar gagasan','hubungan antar kalimat','hubungan kesimpulan','hubungan antar gagasan','2021-06-28 17:07:00','0000-00-00 00:00:00'),(573,'Hasil dari3^2 + 6^2 - 15 adalah ... .','3','30','45','60','30','2021-06-28 17:07:00','0000-00-00 00:00:00'),(574,'Langkah pertama dalam membuat ringkasan teks eksplanasi adalah ....','mencari gagasan utama','membaca keseluruhan teks','memahami informasi dalam teks dengan menggunakan unsur adik simba','membuat kerangka ringkasan','membaca keseluruhan teks','2021-06-28 17:07:00','0000-00-00 00:00:00'),(575,'Pada peredaran darah kecil, bagian yang kaya akan oksigen adalah ….','bilik kanan','paru paru','seluruh tubuh','serambi kiri','serambi kiri','2021-06-28 17:07:00','0000-00-00 00:00:00'),(576,'Tujuan dari kesimpulan laporan hasil pengamatan adalah ….','Menyampaikan segala hal yang diperlukan berdasarkan hasil pengamatan','Menyampaikan manfaat dari melakukan pengamatan','Memberitahukan hasil akhir dari pengamatan yang telah dilakukan','enginformasikan tujuan yang ingin dicapai dari pengamatan','Menyampaikan segala hal yang diperlukan berdasarkan hasil pengamatan','2021-06-28 17:07:00','0000-00-00 00:00:00'),(577,'Langkah pertama yang dilakukan dalam membuta kesimpulan laporan hasil observasi adalah ….','menentukan info info penting','mengetahui inti hasil pengamatan','menyusun kerangka penulisan','membaca teks laporan hasil pengamatan','membaca teks laporan hasil pengamatan','2021-06-28 17:07:00','0000-00-00 00:00:00'),(578,'Gempa bumi terjadi diakibatkan oleh ….','letusan gunung merapi','getaran atau guncangan yang tejadi di bumi','pergeseran lapisan bawah bumi dan letusan gunung yang dahsyat','pergeseran bangunan','Pergeseran lapisan bawah bumi dan letusan gunung yang dahsyat','2021-06-28 17:07:00','0000-00-00 00:00:00'),(579,'Salah satu ciri dari teks eksplanasi yang tepat adalah ….','berisi pendapat','informasi berdasarkan faktual','berisi cerita tidak nyata','berdasarkan hasill penelitian','informasi berdasarkan faktual','2021-06-28 17:07:00','0000-00-00 00:00:00'),(580,'Hewan yang cara perkembangbiakannya sama dengan cacing pipih adalah…','lebah','hydra','planaria','belalang','planaria','2021-06-28 17:07:00','0000-00-00 00:00:00'),(581,'Burung pelatuk memakan biji-bijian sehingga paruhnya berbentuk…','tajam, runcing, dan melengkung','pendek dan kuat','menyerupai kantong','kecil dan runcing','pendek dan kuat','2021-06-28 17:07:00','0000-00-00 00:00:00'),(582,'Ciri kelamin primer pada laki-laki ditandai oleh…','mengalami mimpi basah','otot membesar','dada menjadi bidang','emosi semakin bbertambah','mengalami mimpi basah','2021-06-28 17:07:00','0000-00-00 00:00:00'),(583,'Seseorang yang mengalami pubertas ditandai dengan…','berubahnya pola pikir seseorang','kematangan organ produksi','tubuhnya semakin membesar','kematangan organ reproduksi','kematangan organ reproduksi','2021-06-28 17:07:00','0000-00-00 00:00:00'),(584,'Bebek dapat berjalan di lumpur karena memiliki selaput di antara celah jari kakinya. Hal tersebut merupakan bentuk dari adaptasi…','morfologi','fisiologi','tingkah laku','fungsi tubuh','moorfologi','2021-06-28 17:07:00','0000-00-00 00:00:00'),(585,'hasil dari (-16) + (-16) adalah....','-22','-32','0','32','-32','2021-06-28 17:07:00','0000-00-00 00:00:00'),(586,'36 - (- 22) -48=... .','62','10','-34','-41','10','2021-06-28 17:07:00','0000-00-00 00:00:00'),(587,'Kaka diberi uang oleh ibu. 3/5 uangnya ia gunakan untuk membeli buku dan sisanya ditabung. Jika jumlah uang yang ditabung Rp32.000,00 maka uang kaka seluruhnya adalah...','Rp96.000,00','Rp80.000,00','Rp75.000,00','Rp64.000,00','Rp80.000,00','2021-06-28 17:07:00','0000-00-00 00:00:00'),(588,'35,73 - 14,34 + 21,19 = ... .','42','43','44','45','43','2021-06-28 17:07:00','0000-00-00 00:00:00'),(589,'Menanam tanaman pada lahan yang sudah tak terawat disebut…','perlindungn tanah','penghijauan','tebang pilih','pembajakan sawah','penghijauan','2021-06-28 17:07:00','0000-00-00 00:00:00'),(590,'Penyakit masuk angin, sakit kepala, batuk, dan keseleo dapat disembuhkan dengan menggunakan…','kencur','jahe','lengkuas','bawang','kencur','2021-06-28 17:07:00','0000-00-00 00:00:00'),(591,'Pulau Sumatera sebelah selatan dan barat berbatasan dengan ....','selat sunda dan samudera pasifik','selat sunda da samudera indonesia','selat sunda dan samudera hindia','selat sunda dan samudera arktik','selat sunda dan samudera hindia','2021-06-28 17:07:00','0000-00-00 00:00:00'),(592,'Sebelah Timur Pulau Sumatera berbatasan dengan….','selat malaka','samudera hindia','teluk benggala','selat sunda dan samudera arktik','selat malaka','2021-06-28 17:07:00','0000-00-00 00:00:00'),(593,'Berikut merupakan kenampakan buatan di Papua, antara lain ….','Stadion Mandala Krida, Taman Laut Raja Ampat, dan Tugu Pahlawan','Stadion Gelora Sriwijaya, Mal Jayapura, dan Puncak Jaya','Stadion Si Jalak Harupat, hamparan hutan bakau, dan Tol Trans Jayapura','Stadion Mandala Jayapura, Bandara Wamena, dan Papua Trade Center','Stadion Si Jalak Harupat, hamparan hutan bakau, dan Tol Trans Jayapura','2021-06-28 17:07:00','0000-00-00 00:00:00'),(594,'Di bawah ini tanaman yang tumbuh di dataran tinggi, kecuali....','Kopi','teh','coklat','kelapa','Kelapa','2021-06-28 17:07:00','0000-00-00 00:00:00'),(595,'Di bawah ini adalah mata pencaharian penduduk kota adalah...','bertani','nelayan','buruh','berdagang','berdagang','2021-06-28 17:07:00','0000-00-00 00:00:00'),(596,'Mata pencaharian sebagian besar penduduk Indonesia adalah....','pegawai','nelayan','petani','buruh','buruh','2021-06-28 17:07:00','0000-00-00 00:00:00'),(597,'Gunung Tangkuban Perahu di Jawa Barat dijadikan salah satu objek wisata, karena terkenal dengan...','kawahnya','air panasnya','air terjunnya','hutan lindungnya','kawahnya','2021-06-28 17:07:00','0000-00-00 00:00:00'),(598,'Berikut ini usaha untuk meningkatkan hasil perikanan, kecuali....','jaring apung','keramba','pukat harimau','kolam air deras','pukat harimau','2021-06-28 17:07:00','0000-00-00 00:00:00'),(599,'Contoh bidang usaha pertanian berikut ini adalah....','perkebunan','perikanan','peternakan','palawija','palawija','2021-06-28 17:07:00','0000-00-00 00:00:00'),(600,'Berikut ini beberapa lapangan kerja di bidang industri, kecuali....','karyawan pabrik','pembuat tahu tempe','petani ikan','pakaian jadi','petani ikan','2021-06-28 17:07:00','0000-00-00 00:00:00'),(601,'Pedagang yang menjajakan dagangannya dipinggir-pinggir jalan disebut....','pedagang eceran','pedagang asongan','pedagang kaki lima','pedagang musiman','pedagang kaki lima','2021-06-28 17:07:00','0000-00-00 00:00:00'),(602,'Berikut ini beberapa keuntungan dengan didirikannya pabrik-pabrik, kecuali....','tenaga kerja tersalurkan','pendapat masyarakat meningkat','pemasukan pajak bagi pemerintah bertambah','keamanan dan ketertiban lebihmantap','keamanan dan ketertiban lebih bertambah','2021-06-28 17:07:00','0000-00-00 00:00:00'),(603,'Ibukota provinsi kalimantan barat adalah ….','palangkaraya','banjarmasin','pontianak','samandira','pontianak','2021-06-28 17:07:00','0000-00-00 00:00:00'),(604,'Hasil dari 32^2 adalah ... .','64','512','624','1.024','1.024','2021-06-28 17:07:00','0000-00-00 00:00:00'),(605,'Sebuah bingkai akan dipasang sebuah foto berbentuk persegi dengan luas 2.025 cm2. Panjang sisi bingkai tersebut adalah ... .','25 cm','35 cm','45 cm','55 cm','45 cm','2021-06-28 17:07:00','0000-00-00 00:00:00'),(606,'Tulang rangka yang berfungsi sebagai penyangga organ dalam bagian perut (usus besar dan usus halus) adalah tulang ….','panggul','rusuk','tengkorak','belakang','panggul','2021-06-28 17:07:00','0000-00-00 00:00:00'),(607,'Rangka luar pada hewan kura-kura adalah cangkang. Cangkang berfungsi untuk ….','membantu tubuhnya berenang','berjalan, berlari, dan melompat','penahan tubuh saat mendarat','tempat persembunyian saat terancam','tempat persembunyian saat terancam','2021-06-28 17:07:00','0000-00-00 00:00:00'),(608,'Selain melalui rongga hidung, kita dapat bernapas melalui mulut. Namun, bernapas melalui hidung lebih baik daripada melalui mulut karena ….','debu dan mikroorganisme yang masuk ke hidung lebih sedikit','dalam rongga hidung terdapat rambut-rambut halus','pengambilan oksigen di udara lebih mudah','mengurangi gejala timbulnya penyakit asma','dalam rongga hidung terdapat rambut-rambut halus','2021-06-28 17:07:00','0000-00-00 00:00:00'),(609,'Andi mula-mula berdiri di titik 0. Andi berjalan mundur sebanyak 58 langkah kemudian berjalan mundur lagi 17 langkah. Posisi Andi sekarang berada di titik ….','-75','-41','41','75','-75','2021-06-28 17:07:00','0000-00-00 00:00:00'),(610,'-23-(-22)+18= ….','17','25','-19','27','17','2021-06-28 17:07:00','0000-00-00 00:00:00'),(611,'Teks yang berisikan informasi dan fakta tentang sesuatu yang diamati secara terperinci disebut teks ….','wawancara','investigasi','cerita','eksplanasi','investigasi','2021-06-28 17:07:00','0000-00-00 00:00:00'),(612,'Ciri perubahan fisik laki-laki pada masa pubertas adalah…','kulit menjadi halus','pinggul melebar','suara menjadi lebih berat','pundak dan dada menyempit','suara menjadi lebih berat','2021-06-28 17:07:00','0000-00-00 00:00:00'),(613,'Ciri perkembangan fisik anak laki-laki pada masa pubertas adalah…','suara membesar, pinggul melebar, dan tumbuh jakun','tumbuh jakun, suara membesar, dan tumbuh kumis','suara melengking, pinggul melebar, dan tumbuh kumis','tumbuh kumis, pinggul membesar, dan suara membesar','tumbuh jakun, suara membesar, dan tumbuh kumis','2021-06-28 17:07:00','0000-00-00 00:00:00'),(614,'4.582 jika dibulatkan ke ratusan terdekat adalah... .','4.000','4.500','4.600','4.700','4.600','2021-06-28 17:07:00','0000-00-00 00:00:00'),(615,'Orang yang membuat puisi disebut ….','puitis','penyair','pembuat','puitisasi','pembuat','2021-06-28 17:07:00','0000-00-00 00:00:00'),(616,'Ketika kita memetik senar gitar, maka gitar akan menghasilkan bunyi. Bunyi tersebut dapat dihasilkan karena…','gitar merupakan alat musik','senar gitar dapat berbunyi','senar gitar bergetar ketika dipetik','terdapat gelombang bunyi pada gitar','senar gitar bergetar ketika dipetik','2021-06-28 17:07:00','0000-00-00 00:00:00'),(617,'Bunyi tidak dapat merambat pada…','ruang hampa','udara','zat cair','zat padat','ruang hampa','2021-06-28 17:07:00','0000-00-00 00:00:00'),(618,'6^2 artinya ... .','2+2+2+2+2+2','2×2×2×2×2×2','6+6','6×6','6×6','2021-06-28 17:07:00','0000-00-00 00:00:00'),(619,'Hasil dari 272+142 adalah ... .','13','169','533','925','925','2021-06-28 17:07:00','0000-00-00 00:00:00'),(620,'93 + 43 - 73= ... .','216','450','793','1.136','450','2021-06-28 17:07:00','0000-00-00 00:00:00'),(621,'Langkah pertama dalam membuat ringkasan teks eksplanasi adalah ....','mencari gagasan utama','membaca keseluruhan teks','memahami informasi dalam teks dengan menggunakan unsur adik simba','membuat kerangka ringkasan','membaca keseluruhan teks','2021-06-28 17:07:00','0000-00-00 00:00:00'),(622,'Kondisi patah tulang karena kecelakaan atau terjatuh disebut ….','fraktura','fisura','rakitis','osteoporosis','fraktura','2021-06-28 17:07:00','0000-00-00 00:00:00'),(623,'Rizky sedang bermain bersama Danu. Tiba-tiba Rizky mengalami peradangan otot leher karena salah gerak. Akibat dari kejadian tersebut adalah ….','tulang leher patah','tulang leher menjadi kaku','otot leher menjadi kaku','otot leher tidak bekerja dengan baik','otot leher menjadi kaku','2021-06-28 17:07:00','0000-00-00 00:00:00'),(624,'Penyakit yang memiliki gejala bersin, demam, dan pilek bagi penderitanya adalah ….','asma','influenza','emfisema','tuberkulosis (TBC)','influenza','2021-06-28 17:07:00','0000-00-00 00:00:00'),(625,'Aku adalah suatu bilangan. Jika Aku ditambah -18 kemudian hasilnya dibagi -4 hasilnya 25. Empat kalinya Aku adalah ….','-328','-164','82','164','-328','2021-06-28 17:07:00','0000-00-00 00:00:00'),(626,'Berikut merupakan karakteristik yang terdapat pada puisi, yaitu....','alur','penokohan','tokoh','diksi','diksi','2021-06-28 17:07:00','0000-00-00 00:00:00'),(627,'Ciri perkembangan fisik anak perempuan pada masa pubertas adalah….','dada bertambah bidang','pinggul membesar','menyukai lawan jenis','rajin berdandan','pinggul membesar','2021-06-28 17:07:00','0000-00-00 00:00:00'),(628,'Kemampuan hewan menyamarkan diri dengan lingkungan yang dihinggapinya disebut….','autotomi','kamuflase','ekosistem','biologi','kamuflase','2021-06-28 17:07:00','0000-00-00 00:00:00'),(629,'16.165 jika dibulatkan ke ribuan terdekat adalah... .','16.000','16.200','17.000','20.000','16.000','2021-06-28 17:07:00','0000-00-00 00:00:00'),(630,'Hasil taksiran 184 + 52 - 58 adalah...','150','170','180','200','180','2021-06-28 17:07:00','0000-00-00 00:00:00'),(631,'Pernyataan yang menjadi inti pembahasan dan berisi kesimpulan dari sebuah paragraf adalah ….','gagasan pokok','gagasan penjelas','gagasan utama','kalimat penjelas','gagasan pokok','2021-06-28 17:07:00','0000-00-00 00:00:00'),(632,'Terdapat dua jenis gagasan dalam sebuah paragraf, yaitu ….','Gagasan pokok dan gagasan utama','Gagasan pokok dan gagasan penerang','Gagasan pokok dan gagasan penjelas','Gagasan pokok dan gagasan keterangan','Gagasan pokok dan gagasan penjelas','2021-06-28 17:07:00','0000-00-00 00:00:00'),(633,'Kucing memiliki penutup tubuh yang berupa…','bulu','rambut','sisik','cangkang','rambut','2021-06-28 17:07:00','0000-00-00 00:00:00'),(634,'Ikan memiliki bagian tubuh yang berguna untuk melindungi tubuh. Bagian tubuh yang dimaksud adalah…','insang','sirip','sisik','kulit','sisik','2021-06-28 17:07:00','0000-00-00 00:00:00'),(635,'Peristiwa mulainya suatu makhluk hidup dari lahit hingga menjadi dewasa dan mati disebut….','metamorfosis','siklus hidup','kehidupan hewan','rantai makanan','siklus hidup','2021-06-28 17:07:00','0000-00-00 00:00:00'),(636,'Perubahan yang terjadi pada fase/tahapan hidup yang mencolok perubahannya disebut…','metamorfosis','metamorfosis sempurna','metamorfosis tidak sempurna','siklus hidup','metamorfosis sempurna','2021-06-28 17:07:00','0000-00-00 00:00:00'),(637,'Metamorfosis yang dialami katak adalah…','metamorfosis sempurna','metamorfosis tidak sempurna','metamorfosis hampir sempurna','metamorfosis alami','metamorfosis sempurna','2021-06-28 17:07:00','0000-00-00 00:00:00'),(638,'13^3 - 8^3 =....','5','685','512','197','685','2021-06-28 17:07:00','0000-00-00 00:00:00'),(639,'Diko ingin mencari informasi tentang proses perkembangbiakan kecambah pada Pak Arnold. Pertanyaan yang seharusnya diajukan oleh Diko adalah…','Mengapa kecambah berkembang biak?','Apa itu kembang biak?','Di mana kecambah berkembang biak?','Bagaimana perkembangbiakan kecambah?','Bagaimana perkembangbiakan kecambah?','2021-06-28 17:07:00','0000-00-00 00:00:00'),(640,'Kumpulan dari beberapa jenis tulang disebut…','tulang tulang','sendi','rangka','tulang manusia','rangka','2021-06-28 17:07:00','0000-00-00 00:00:00'),(641,'Untuk merawat rangka tubuh dapan mengonsumsi makanan yang mengandung…','serat','vitamin D','mineral','vitamin A','vitamin D','2021-06-28 17:07:00','0000-00-00 00:00:00'),(642,'Lumba-lumba bernafas dengan....','insang','trakea','paru-paru','kulit','paru-paru','2021-06-28 17:07:00','0000-00-00 00:00:00'),(643,'Makanan yang sudah dikunyah dapat ditelan. Proses penelanan makanan tersebut dapat menjadi mudah karena dibantu oleh…','tenggorokan','ruas mulut','gigi','lidah','lidah','2021-06-28 17:07:00','0000-00-00 00:00:00'),(644,'2 terletak di....-5','tepat','Sebelah kanan','Sebelah kiri','Sebelah kanan dan kiri','Sebelah kanan','2021-06-28 17:07:00','0000-00-00 00:00:00'),(645,'Umur Dedi 6 tahun lebih tua dari Rio, sedangkan umur Rio 3 tahun lebih muda dari Amin. Jika jumlah umur mereka 48 tahun, maka umur Dedi adalah… .','9 tahun','16 tahun','19 tahun','21 tahun','19 tahun','2021-06-28 17:07:00','0000-00-00 00:00:00'),(646,'Teks yang dibuat untuk menjelaskan suatu peristiwa alam atau sosial secara ilmiah yaitu teks ….','deskripsi','laporan','eksplanasi','pidato','eksplanasi','2021-06-28 17:07:00','0000-00-00 00:00:00'),(647,'Perkembangbiakan hewan yang tidak melalui perkawinan disebut…','perkembangbiakan alami','perkembangbiakan vegetatif','perkembangbiakan generatif','perkembangbiakan buatan','perkembangbiakan vegetatif','2021-06-28 17:07:00','0000-00-00 00:00:00'),(648,'Tumbuhan kunyit berkembang biak dengan cara....','rhizoma','stolon','biji','umbi batang','rhizoma','2021-06-28 17:07:00','0000-00-00 00:00:00'),(649,'Jika seorang anak perempuan mengalami menstruasi, maka hal tersebut menyebabkan anak perempuan mengalami…','emosi yang tidak stabil dan cepat tersinggung','penuaan dini','masalah pada organ reproduksinya','perubahan pola pikir menjadi lebih dewasa','emosi yang tidak stabil dan cepat tersinggung','2021-06-28 17:07:00','0000-00-00 00:00:00'),(650,'Laki-laki yang mengalami pubertas akan mempunyai suara yang lebih dalam dan berat dibandingkan sebelumnya. Hal tersebut dapat terjadi karena…','bertambahnya tinggi badan','perubahan usia','tumbuuhnya jakun','mengalami mimpi basah','tumbuhnya jakun','2021-06-28 17:07:00','0000-00-00 00:00:00'),(651,'Pelabuhan berikut ini yang terleka di Provinsi Lampung adalah …','teluk bayur','bakauheni','tanjung emas','gilimanuk','bakauheni','2021-06-28 17:07:00','0000-00-00 00:00:00'),(652,'Pelabuhan Teluk Bayur terletak di provinsi …','sumatera utara','sumatera barat','aceh','semarang','sumatera barat','2021-06-28 17:07:00','0000-00-00 00:00:00'),(653,'Provinsi berikut ini terletak di pulau Sumatera, kecuali …','jambi','riau','lampung','gorontalo','gorontalo','2021-06-28 17:07:00','0000-00-00 00:00:00'),(654,'Jumlah provinsi yang ada di Pulau Kalimantan sebanyak …','enam','lima','empat','tiga','lima','2021-06-28 17:07:00','0000-00-00 00:00:00'),(655,'Pegunungan berikut ini yang terletak di Pulau Kalimantan adalah …','pengununngan kendeng','pegunungan kapur utara','pegunungan muller','pegunungan barisan','pegunungan muller','2021-06-28 17:07:00','0000-00-00 00:00:00'),(656,'Pegunungan Sewu dan Pegunungan Menoreh berada di Pulau …','pulau jawa dan sumatera','pulau sumatera','pulau kalimantan','pulau jawa','pulau jawa','2021-06-28 17:07:00','0000-00-00 00:00:00'),(657,'Indonesia dikenal sebagai negara yang kaya akan hasil tambang. Tambang emas yang terbesar di Indonesia terletak di …','tujuh bukit','gosowong','brassberg','pujon','grassberg','2021-06-28 17:07:00','0000-00-00 00:00:00'),(658,'Hewan-hewan langka perlu dilestarikan dengan tujuan …','mencegah kepunahan','sebagai tempat rekreasi','sebagai komoditas ekonomi','agar dapat dimanfaatkan','mencegah kepunahan','2021-06-28 17:07:00','0000-00-00 00:00:00'),(659,'Daerah ini merupakan wilayah penghasil miyak terbesar di Indonesia, yakni …','riau','jawa timur','papua','lampung','riau','2021-06-28 17:07:00','0000-00-00 00:00:00'),(660,'Berikut ini adalah gunung api yang masih aktif di Indonesia, kecuali …','Gunung Agung dan Gunung Sinabung','Gunung Krakatau dan Gunung Kerinci','Gunung Raung dan Gunung Sumbing','Gunung Bromo dan Gunung Semeru','Gunung Raung dan Gunung Sumbing','2021-06-28 17:07:00','0000-00-00 00:00:00'),(661,'Tujuan Belanda datang ke Indonesia untuk ….','bertamasya','berdagang','megembara','berpetualang','berdagang','2021-06-28 17:07:00','0000-00-00 00:00:00'),(662,'Pencetus sistem tanam paksa di Indonesia adalah ….','Van den Capellen','H.W Daendels','Van den Bosch','Pieter Both','Van den Bosch','2021-06-28 17:07:00','0000-00-00 00:00:00'),(663,'Sistem tanam paksa pada masa penjajahan belanda disebut ….','cultuur stelsel','rodi','romusha','devide et impera','romusha','2021-06-28 17:07:00','0000-00-00 00:00:00'),(664,'Mengapa perjuangan bangsa Indonesia melawan penjajah sering mengalami kegagalan ….','kurangnya bahan makanan','kurangnya pasokan senjata','kurangnya persatuan dan kesatuan','kurangnya orang orang hebat','kurangnya persatuan dan kesatuan','2021-06-28 17:07:00','0000-00-00 00:00:00'),(665,'Para pelajar Indonesia yang belajar di Belanda mendirikan sebuah organisasi yang gigih menuntut kemerdekaan Indonesia yaitu ….','Budi Utomo','Perhimpunan Indonesia','Sarekat Islam','Peta','Perhimpunan Indonesia','2021-06-28 17:07:00','0000-00-00 00:00:00'),(666,'BPUPKI singkatan dari....','Badan Persiapan Usaha-Usaha Perjuangan Kemerdekaan Indonesia','Badan Penyelidik Usaha-Usaha Persiapan Kemerdekaan Indonesia','Badan Penyelidik Usaha-Usaha Perjuangan Kemerdekaan Indonesia','Badan Penyelidik Usaha-Usaha Proklamasi Kemerdekaan Indonesia','Badan Penyelidik Usaha-Usaha Persiapan Kemerdekaan Indonesia','2021-06-28 17:07:00','0000-00-00 00:00:00'),(667,'BPUPKI diketuai oleh....','Ir. Soekarno','Drs. Moh Hatta','Dr. Radjiman Wedyodiningrat','Ki Hajar Dewantoro','Dr. Radjiman Wedyodiningrat','2021-06-28 17:07:00','0000-00-00 00:00:00'),(668,'Tujuan Jepang memberikan janji kemerdekaan kepada Indonesia adalah ….','Agar Indonesia menajdi negara maju','Agar Indonesia mau membantu Jepang melawan sekutu','Agar Indonesia mau menyerah kepada Jepang','Agar Indonesia bisa diadu dengan sekutu','Agar Indonesia mau membantu Jepang melawan sekutu','2021-06-28 17:07:00','0000-00-00 00:00:00'),(669,'Sikap pahlawan yang bisa kita teladani adalah ….','cinta negara lain','cinta tanah air','mengkhianati bangsa','melakukan pemberontakan','cinta tanah air','2021-06-28 17:07:00','0000-00-00 00:00:00'),(670,'Orang yang membacakan teks proklamasi adalah ….','Ir. Soekarno dan Drs. Moh. Hatta','Ir. Soekarno dan Mr. Soepomo','Ir. Soekarno','Drs. Moh. Hatta','Ir. Soekarno','2021-06-28 17:07:00','0000-00-00 00:00:00'),(671,'Bendera yang berkibar pada saat proklamasi disebut sebagai ….','bendera keramat','bendara unik','bendera kuno','bendera pusaka','bendera pusaka','2021-06-28 17:07:00','0000-00-00 00:00:00'),(672,'Sikap kita sebagai siswa untuk meneruskan perjuangan para pahlawan adalah ….','berperang melawan negara lain','belajar dengan sungguh sungguh','berkelahi dengan teman','melawan para wisatawan asing','belajar dengan sungguh sungguh','2021-06-28 17:07:00','0000-00-00 00:00:00'),(673,'Berikut adalah Makna Proklamasi Kemerdekaan Indonesia, kecuali ….','lahirnya negara republik Indonesia','puncak perjuangan bangsa Indonesia','bangsa Indonesia menyusun pemerintahan','bangsa Indonesia menantang negara penjajah','bangsa Indonesia menantang negara penjajah','2021-06-28 17:07:00','0000-00-00 00:00:00'),(674,'Setelah Indonesia merdeka Belanda datang kembali ke Indonesia untuk membuat pemerintahan sipil yang disebut ….','NICA (Netherland Indies Civil Administration)','PUTERA (Pusat Tenaga Rakyat)','gerakan 3A','gerakan VOC','NICA (Netherland Indies Civil Administration)','2021-06-28 17:07:00','0000-00-00 00:00:00'),(675,'Jenderal Inggris yang tewas dalam pertempuan di Surabaya bernama ….','A.W.S. Mallaby','Thomas Rafless','Westerling','T.E.D. Kelly','A.W.S. Mallaby','2021-06-28 17:07:00','0000-00-00 00:00:00'),(676,'Rindi .... the floor everyday.','sweeps','is sweeps','sweeping','has sweep','sweeps','2021-06-28 17:07:00','0000-00-00 00:00:00'),(677,'This book cost is fifteen thousand rupiahs.','Rp. 50.000,00','Rp. 15.000,00','Rp. 75.000,00','Rp. 85.000,00','Rp. 15.000,00','2021-06-28 17:07:00','0000-00-00 00:00:00'),(678,'The opposite of big is ....','clever','dilligent','long','small','small','2021-06-28 17:07:00','0000-00-00 00:00:00'),(679,'Sandi is a hunter. He likes ....','hunting','climbing','writing','reading','hunting','2021-06-28 17:07:00','0000-00-00 00:00:00'),(680,'We buy stamps in the ....','post office','airport','hospital','railway station','post office','2021-06-28 17:07:00','0000-00-00 00:00:00'),(681,'Cindy is 90 kg and Rida is 90 kg. Cindy is .... Rida.','fatter','fattest','fat','as fat as','as fat as','2021-06-28 17:07:00','0000-00-00 00:00:00'),(682,'Ant is small but elephant is ....','long','big','slim','small','big','2021-06-28 17:07:00','0000-00-00 00:00:00'),(683,'Indonesia is in ....','America','Europe','Australia','Asia','Asia','2021-06-28 17:07:00','0000-00-00 00:00:00'),(684,'I need a cup of .... for breakfast.','friied rice','tea','potato','bread','tea','2021-06-28 17:07:00','0000-00-00 00:00:00'),(685,'I .... a glass of milk every morning.','drink','eat','sweep','sing','drink','2021-06-28 17:07:00','0000-00-00 00:00:00'),(686,'I always have .... in the morning.','dinner','lunch','breakfast','ball','breakfast','2021-06-28 17:07:00','0000-00-00 00:00:00'),(687,'My hobby is ..... because I like dangdut song.','climbing','reading','writing','singing','singing','2021-06-28 17:07:00','0000-00-00 00:00:00'),(688,'Mango, apple, watermelon and banana are the names of ....','vegetables','animals','fruits','flowers','fruits','2021-06-28 17:07:00','0000-00-00 00:00:00'),(689,'It is eleven o\'clock.','11.00','10.30','12.00','12.30','11.00','2021-06-28 17:07:00','0000-00-00 00:00:00'),(690,'It is 7.15','a half past seven','a quarter past eight','it is seven o\'clock','a quarter past seven','a quarter past seven','2021-06-28 17:07:00','0000-00-00 00:00:00'),(691,'I need .... to play badminton.','sun glasses','ball','shuttle coock','bicycle','shuttle cock','2021-06-28 17:07:00','0000-00-00 00:00:00'),(692,'Yuni and I are in the classroom. ...... are studying English now.','she','he','they','we','we','2021-06-28 17:07:00','0000-00-00 00:00:00'),(693,'Mr.Irwan is my English teacher. ...... very kind.','she','he','they','we','he','2021-06-28 17:07:00','0000-00-00 00:00:00'),(694,'Ms.Yuli is my favorite teacher. ...... teaches English.','she','he','they','we','they','2021-06-28 17:07:00','0000-00-00 00:00:00'),(695,'The baby drinks a bottle of ....','milk','syrup','soda','coffee','milk','2021-06-28 17:07:00','0000-00-00 00:00:00'),(696,'I need ... to make soup.','animals','books','vegetables','fruits','vegetables','2021-06-28 17:07:00','0000-00-00 00:00:00'),(697,'The students borrow books from the ....','hospital','airport','post office','library','library','2021-06-28 17:07:00','0000-00-00 00:00:00'),(698,'My mother is going to .... to buy vegetables and fruits.','school','market','hospital','post office','market','2021-06-28 17:07:00','0000-00-00 00:00:00'),(699,'The sun rises in the ....','west','east','north','south','east','2021-06-28 17:07:00','0000-00-00 00:00:00'),(700,'Bandung is in ..... java.','east','south','north','west','west','2021-06-28 17:07:00','0000-00-00 00:00:00'),(701,'The sun sets in the ....','south','north','west','east','west','2021-06-28 17:07:00','0000-00-00 00:00:00'),(702,'Surabaya is in .... Java.','west','north','south','east','east','2021-06-28 17:07:00','0000-00-00 00:00:00'),(703,'We can see camel in the ....','zoo','swimming pool','school','hospital','zoo','2021-06-28 17:07:00','0000-00-00 00:00:00'),(704,'I must wear ... to school.','raincoat','jacket','uniform','pajama','uniform','2021-06-28 17:07:00','0000-00-00 00:00:00'),(705,'There are ... days in a week.','four','five','six','seven','seven','2021-06-28 17:07:00','0000-00-00 00:00:00'),(706,'Alat pernapasan pada belalang adalah....','paru paru','trakea','insang','bronkus','trakea','2021-06-28 17:07:00','0000-00-00 00:00:00'),(707,'Arah jam 9 itu sama dengan arah....','timur','barat','selatan','utara','barat','2021-06-28 17:07:00','0000-00-00 00:00:00'),(708,'Pakaian tradisional khas Indonesia yang bernilai sseni tinggi adalah','kemeja','kaos','batik','hoodie','batik','2021-06-28 17:07:00','0000-00-00 00:00:00'),(709,'Jumlah warna pelngi adalah....','empat','lima','enam','tujuh','tujuh','2021-06-28 17:07:00','0000-00-00 00:00:00'),(710,'Mamalia tertinggi adalah....','jerapah','gajah','beruang cokelat','paus biru','jerapah','2021-06-28 17:07:00','0000-00-00 00:00:00');

/*Table structure for table `tbl_user` */

DROP TABLE IF EXISTS `tbl_user`;

CREATE TABLE `tbl_user` (
  `id_user` int(11) NOT NULL AUTO_INCREMENT,
  `nama` varchar(100) DEFAULT NULL,
  `email` varchar(100) DEFAULT NULL,
  `password` varchar(255) DEFAULT NULL,
  `token` text DEFAULT NULL,
  `created_at` timestamp NOT NULL DEFAULT current_timestamp() ON UPDATE current_timestamp(),
  `updated_at` timestamp NOT NULL DEFAULT '0000-00-00 00:00:00',
  PRIMARY KEY (`id_user`)
) ENGINE=InnoDB AUTO_INCREMENT=22 DEFAULT CHARSET=utf8mb4;

/*Data for the table `tbl_user` */

insert  into `tbl_user`(`id_user`,`nama`,`email`,`password`,`token`,`created_at`,`updated_at`) values (5,'yudi','yudi@mail.com','eyJpdiI6IkIySFc2SG9ybXBGb2NESm5WSXo2UHc9PSIsInZhbHVlIjoiNTVcL1RzOHVFR3hOY3BXeUhzSUdTdkE9PSIsIm1hYyI6ImRjMWJlOTAzODRkODIyYTRlNjQ3MTc1YjMyZTNlZGI2NzljZjkwMjI0ZThlZDEyZDI4ODQ2YzdkNjQ3NmFiZWYifQ==','eyJ0eXAiOiJKV1QiLCJhbGciOiJIUzI1NiJ9.eyJpZF91c2VyIjo1LCJleHRpbWUiOjE2MjU1NjA1MDd9.uxrpSa-S1N7OK6adu00Ucon596gZlX-8s7k3UtiNSFk','2021-07-06 13:35:07','2021-07-06 06:35:07'),(6,'yudi','yudi3@mail.com','eyJpdiI6InFQaGNiUzJsREM1WDBUVStMQlhpZVE9PSIsInZhbHVlIjoiN0s1V2k2bTIwXC9lYXlzYmMwcVdHVWc9PSIsIm1hYyI6ImU4MWMzMTkxN2UwNmIyZTljZmRlZGNlNTE1ODNiMDZlYmIwMTZjM2IyM2ZhMjg2N2MxMDlhOWRhMjJiNjE1NjkifQ==','eyJ0eXAiOiJKV1QiLCJhbGciOiJIUzI1NiJ9.eyJpZF91c2VyIjo2LCJleHRpbWUiOjE2MjQ1OTQ4ODd9.LIWAmO8qvEC9zK7Mq3WUpHXtVGUCcOtTdh37Mlz0mNU','2021-06-25 09:21:27','2021-06-25 02:21:27'),(12,'mas khairin','heheh@yuhu.com','eyJpdiI6InJWV3pcLzhNN3E5MURBSEpNXC9qTUFOdz09IiwidmFsdWUiOiJoa0xpM1EraXlzUmRTUkFmSFhwbmZBPT0iLCJtYWMiOiJhNGE1ZDkzNGU5M2Y4ZjNlNzNmNTE2MTg4MmFjNGIyNThhOTQ1NWZmOGY5ZDg3OGM1Y2JmYTg2N2ZlOWYyZWU3In0=',NULL,'2021-06-25 03:33:30','2021-06-25 03:33:30'),(15,'yudi','yudi.gunaone87@gmail.com','eyJpdiI6ImN0dG13SUhvaDZKZjBxeXVWR1VRbkE9PSIsInZhbHVlIjoiZ29RNTRcL2lwTUZvWU1RVHh2N0h6akE9PSIsIm1hYyI6IjE3ZTg0NWY4ZGZlMGI4NTUxYzQxODBiYzBiNmZhYjdlNTI2ZWNlNmNiMTQwM2Q2MTY4MTVhYzUyZDk5MTBlMjEifQ==','eyJ0eXAiOiJKV1QiLCJhbGciOiJIUzI1NiJ9.eyJpZF91c2VyIjoxNSwiZXh0aW1lIjoxNjI0NjE1MTk5fQ.G2LMdY7hQUN-uc3uirKLckL2xqR_tOQ4pNZfApYeRtY','2021-06-25 14:59:59','2021-06-25 07:59:59'),(20,'coba','email','eyJpdiI6Ik1LXC9vNFVTN0cxVnpPK1pzZUg5anNRPT0iLCJ2YWx1ZSI6IlZPeWhCa3NSdDQxY3FCdmVxdUsxTEE9PSIsIm1hYyI6ImI2YjJhYWFiNzNiMmZmZDg4YTJhZTE0NjA5NzI5MzQ1Y2ZmMmM2ZDdmMjdmZWViZTNmZDYwMGZhM2I5NTIyYjgifQ==',NULL,'2021-07-06 06:26:19','2021-07-06 06:26:19'),(21,'yadi','yadi@yahoo.com','eyJpdiI6IkFoOG9CVWR4bUl3N0VtZndcLzlUcWt3PT0iLCJ2YWx1ZSI6Imc5U0Y4ekFveXBFYlJJdTBpbGx4aFE9PSIsIm1hYyI6IjFlOTJkMjM4ZGQ2MThjNDcxZGJjODZiZmYwZTRiMTE5MGEyNDY3MGM2MDMwYTU0NzE4NTQyOGNjNmU0MmRkMmMifQ==',NULL,'2021-07-06 06:30:35','2021-07-06 06:30:35');

/*!40101 SET SQL_MODE=@OLD_SQL_MODE */;
/*!40014 SET FOREIGN_KEY_CHECKS=@OLD_FOREIGN_KEY_CHECKS */;
/*!40014 SET UNIQUE_CHECKS=@OLD_UNIQUE_CHECKS */;
/*!40111 SET SQL_NOTES=@OLD_SQL_NOTES */;
